26-04-06.15:27:12.089 [main            ] INFO  Application            - Starting Application using Java 17.0.10 on DESKTOP-RIFPEOR with PID 29052 (E:\JavaWeb\big-market\big-market-app\target\classes started by 星念 in E:\JavaWeb\big-market)
26-04-06.15:27:12.090 [main            ] INFO  Application            - The following 1 profile is active: "dev"
26-04-06.15:27:13.377 [main            ] INFO  RepositoryConfigurationDelegate - Multiple Spring Data modules found, entering strict repository configuration mode
26-04-06.15:27:13.387 [main            ] INFO  RepositoryConfigurationDelegate - Bootstrapping Spring Data Redis repositories in DEFAULT mode.
26-04-06.15:27:13.471 [main            ] INFO  RepositoryConfigurationDelegate - Finished Spring Data repository scanning in 63 ms. Found 0 Redis repository interfaces.
26-04-06.15:27:14.612 [main            ] INFO  TomcatWebServer        - Tomcat initialized with port(s): 8091 (http)
26-04-06.15:27:14.621 [main            ] INFO  Http11NioProtocol      - Initializing ProtocolHandler ["http-nio-8091"]
26-04-06.15:27:14.623 [main            ] INFO  StandardService        - Starting service [Tomcat]
26-04-06.15:27:14.623 [main            ] INFO  StandardEngine         - Starting Servlet engine: [Apache Tomcat/9.0.75]
26-04-06.15:27:14.765 [main            ] INFO  [/]                    - Initializing Spring embedded WebApplicationContext
26-04-06.15:27:14.767 [main            ] INFO  ServletWebServerApplicationContext - Root WebApplicationContext: initialization completed in 2624 ms
26-04-06.15:27:15.477 [main            ] INFO  Version                - Redisson 3.26.0
26-04-06.15:27:15.908 [redisson-netty-1-4] INFO  ConnectionsHolder      - 1 connections initialized for 101.42.109.191/101.42.109.191:16379
26-04-06.15:27:16.133 [redisson-netty-1-13] INFO  ConnectionsHolder      - 5 connections initialized for 101.42.109.191/101.42.109.191:16379
26-04-06.15:27:16.491 [main            ] INFO  Version                - Redisson 3.26.0
26-04-06.15:27:16.577 [redisson-netty-5-4] INFO  ConnectionsHolder      - 1 connections initialized for 101.42.109.191/101.42.109.191:16379
26-04-06.15:27:17.048 [redisson-netty-5-13] INFO  ConnectionsHolder      - 5 connections initialized for 101.42.109.191/101.42.109.191:16379
26-04-06.15:27:17.048 [main            ] INFO  DynamicThreadPoolAutoConfig - 动态线程池，注册器（redis）链接初始化完成。101.42.109.191 16379 false
26-04-06.15:27:17.927 [main            ] INFO  EndpointLinksResolver  - Exposing 1 endpoint(s) beneath base path '/actuator'
26-04-06.15:27:18.020 [main            ] INFO  Http11NioProtocol      - Starting ProtocolHandler ["http-nio-8091"]
26-04-06.15:27:18.034 [main            ] INFO  TomcatWebServer        - Tomcat started on port(s): 8091 (http) with context path ''
26-04-06.15:27:18.036 [main            ] INFO  CachingConnectionFactory - Attempting to connect to: [101.42.109.191:5672]
26-04-06.15:27:18.234 [main            ] INFO  CachingConnectionFactory - Created new connection: rabbitConnectionFactory#9825465:0/SimpleConnection@1a61f634 [delegate=amqp://admin@101.42.109.191:5672/, localPort= 58654]
26-04-06.15:27:18.915 [main            ] INFO  Application            - Started Application in 7.329 seconds (JVM running for 8.024)
26-04-06.15:27:19.220 [RMI TCP Connection(2)-192.168.245.1] INFO  [/]                    - Initializing Spring DispatcherServlet 'dispatcherServlet'
26-04-06.15:27:19.220 [RMI TCP Connection(2)-192.168.245.1] INFO  DispatcherServlet      - Initializing Servlet 'dispatcherServlet'
26-04-06.15:27:19.222 [RMI TCP Connection(2)-192.168.245.1] INFO  DispatcherServlet      - Completed initialization in 2 ms
26-04-06.15:27:19.244 [RMI TCP Connection(1)-192.168.245.1] INFO  HikariDataSource       - Retail_HikariCP - Starting...
26-04-06.15:27:19.760 [RMI TCP Connection(1)-192.168.245.1] INFO  HikariDataSource       - Retail_HikariCP - Start completed.
26-04-06.15:27:19.808 [RMI TCP Connection(1)-192.168.245.1] INFO  HikariDataSource       - Retail_HikariCP - Starting...
26-04-06.15:27:20.091 [RMI TCP Connection(1)-192.168.245.1] INFO  HikariDataSource       - Retail_HikariCP - Start completed.
26-04-06.15:27:20.443 [scheduling-1    ] INFO  ThreadPoolDataReportJob - 动态线程池，上报线程池信息：[{"activeCount":0,"appName":"big-market-app","corePoolSize":20,"maximumPoolSize":50,"poolSize":0,"queueSize":0,"queueType":"LinkedBlockingQueue","remainingCapacity":5000,"threadPoolName":"threadPoolExecutor"}]
26-04-06.15:27:20.468 [scheduling-1    ] INFO  ThreadPoolDataReportJob - 动态线程池，上报线程池配置：{"activeCount":0,"appName":"big-market-app","corePoolSize":20,"maximumPoolSize":50,"poolSize":0,"queueSize":0,"queueType":"LinkedBlockingQueue","remainingCapacity":5000,"threadPoolName":"threadPoolExecutor"}
26-04-06.15:27:40.194 [scheduling-1    ] INFO  ThreadPoolDataReportJob - 动态线程池，上报线程池信息：[{"activeCount":0,"appName":"big-market-app","corePoolSize":20,"maximumPoolSize":50,"poolSize":0,"queueSize":0,"queueType":"LinkedBlockingQueue","remainingCapacity":5000,"threadPoolName":"threadPoolExecutor"}]
26-04-06.15:27:40.219 [scheduling-1    ] INFO  ThreadPoolDataReportJob - 动态线程池，上报线程池配置：{"activeCount":0,"appName":"big-market-app","corePoolSize":20,"maximumPoolSize":50,"poolSize":0,"queueSize":0,"queueType":"LinkedBlockingQueue","remainingCapacity":5000,"threadPoolName":"threadPoolExecutor"}
26-04-06.15:27:40.378 [http-nio-8091-exec-2] INFO  RaffleActivityController - 活动抽奖 userId:mlei3 activityId:100301
26-04-06.15:27:40.920 [http-nio-8091-exec-2] INFO  RaffleActivityController - 活动抽奖,创建订单 userId:mlei3 activityId:100301 orderId:140540055629
26-04-06.15:27:40.950 [http-nio-8091-exec-2] INFO  BlackListLogicChain    - 抽奖责任链-黑名单开始 userId:mlei3 strategyId:100006 ruleModel:rule_blacklist
26-04-06.15:27:40.971 [http-nio-8091-exec-2] INFO  HikariDataSource       - Retail_HikariCP - Starting...
26-04-06.15:27:41.262 [http-nio-8091-exec-2] INFO  HikariDataSource       - Retail_HikariCP - Start completed.
26-04-06.15:27:41.287 [http-nio-8091-exec-2] INFO  BlackListLogicChain    - 抽奖责任链-黑名单放行 userId:mlei3 strategyId:100006 ruleModel:rule_blacklist
26-04-06.15:27:41.287 [http-nio-8091-exec-2] INFO  RuleWeightLogicChain   - 抽奖责任链-权重开始 userId:mlei3 strategyId:100006 ruleModel:rule_weight
26-04-06.15:27:41.360 [http-nio-8091-exec-2] INFO  RuleWeightLogicChain   - 抽奖责任链-权重放行 userId:mlei3 strategyId:100006 ruleModel:rule_weight
26-04-06.15:27:41.443 [http-nio-8091-exec-2] INFO  DefaultLogicChain      - 抽奖责任链-默认处理 userId: mlei3 strategyId: 100006 ruleModel: rule_default awardId: 106
26-04-06.15:27:41.445 [http-nio-8091-exec-2] INFO  AbstractRaffleStrategy - 抽奖策略计算-责任链出口 userId: mlei3 strategyId: 100006 ruleModel: rule_default awardId: 106
26-04-06.15:27:41.507 [http-nio-8091-exec-2] INFO  RuleLockLogicTreeNode  - 规则过滤-抽奖次数 userId:mlei3 strategyId:100006 ruleModel:rule_lock awardId:106 ruleValue:2
26-04-06.15:27:41.555 [http-nio-8091-exec-2] INFO  RuleLockLogicTreeNode  - 规则过滤-次数锁【拦截】 userId:mlei3 strategyId:100006 awardId:106 raffleCount:2 userRaffleCount:1
26-04-06.15:27:41.557 [http-nio-8091-exec-2] INFO  DecisionTreeEngine     - 决策树引擎【规则树】 treeId: tree_lock_2 node: rule_lock code: 0001
26-04-06.15:27:41.560 [http-nio-8091-exec-2] INFO  RuleLuckAwardLogicTreeNode - 规则过滤-兜底奖品 userId:mlei3 strategyId:100006 ruleModel:rule_luck_award awardId:106 ruleValue:101:1,100
26-04-06.15:27:41.560 [http-nio-8091-exec-2] INFO  RuleLuckAwardLogicTreeNode - 规则过滤-兜底奖品 userId:mlei3 strategyId:100006 awardId:101 awardRuleValue:1,100
26-04-06.15:27:41.561 [http-nio-8091-exec-2] INFO  DecisionTreeEngine     - 决策树引擎【规则树】 treeId: tree_lock_2 node: rule_luck_award code: 0001
26-04-06.15:27:41.561 [http-nio-8091-exec-2] INFO  AbstractRaffleStrategy - 抽奖策略计算-规则树出口 userId: mlei3 strategyId: 100006 ruleValue: 1,100 awardId: 101
26-04-06.15:27:41.806 [http-nio-8091-exec-2] INFO  EventPublisher         - 发送MQ消息 topic:send_award message:{"data":{"awardId":101,"awardTitle":"随机积分","userId":"mlei3"},"id":"37015252903","timestamp":1775460461591}
26-04-06.15:27:41.846 [org.springframework.amqp.rabbit.RabbitListenerEndpointContainer#3-1] INFO  SendAwardCustomer      - 监听用户奖品发送消息 topic: send_award message: {"data":{"awardId":101,"awardTitle":"随机积分","userId":"mlei3"},"id":"37015252903","timestamp":1775460461591}
26-04-06.15:28:00.061 [scheduling-1    ] INFO  ThreadPoolDataReportJob - 动态线程池，上报线程池信息：[{"activeCount":0,"appName":"big-market-app","corePoolSize":20,"maximumPoolSize":50,"poolSize":0,"queueSize":0,"queueType":"LinkedBlockingQueue","remainingCapacity":5000,"threadPoolName":"threadPoolExecutor"}]
26-04-06.15:28:00.085 [scheduling-1    ] INFO  ThreadPoolDataReportJob - 动态线程池，上报线程池配置：{"activeCount":0,"appName":"big-market-app","corePoolSize":20,"maximumPoolSize":50,"poolSize":0,"queueSize":0,"queueType":"LinkedBlockingQueue","remainingCapacity":5000,"threadPoolName":"threadPoolExecutor"}
26-04-06.15:28:20.089 [scheduling-1    ] INFO  ThreadPoolDataReportJob - 动态线程池，上报线程池信息：[{"activeCount":0,"appName":"big-market-app","corePoolSize":20,"maximumPoolSize":50,"poolSize":0,"queueSize":0,"queueType":"LinkedBlockingQueue","remainingCapacity":5000,"threadPoolName":"threadPoolExecutor"}]
26-04-06.15:28:20.111 [scheduling-1    ] INFO  ThreadPoolDataReportJob - 动态线程池，上报线程池配置：{"activeCount":0,"appName":"big-market-app","corePoolSize":20,"maximumPoolSize":50,"poolSize":0,"queueSize":0,"queueType":"LinkedBlockingQueue","remainingCapacity":5000,"threadPoolName":"threadPoolExecutor"}
26-04-06.15:28:40.145 [scheduling-1    ] INFO  ThreadPoolDataReportJob - 动态线程池，上报线程池信息：[{"activeCount":0,"appName":"big-market-app","corePoolSize":20,"maximumPoolSize":50,"poolSize":0,"queueSize":0,"queueType":"LinkedBlockingQueue","remainingCapacity":5000,"threadPoolName":"threadPoolExecutor"}]
26-04-06.15:28:40.167 [scheduling-1    ] INFO  ThreadPoolDataReportJob - 动态线程池，上报线程池配置：{"activeCount":0,"appName":"big-market-app","corePoolSize":20,"maximumPoolSize":50,"poolSize":0,"queueSize":0,"queueType":"LinkedBlockingQueue","remainingCapacity":5000,"threadPoolName":"threadPoolExecutor"}
26-04-06.15:29:00.115 [scheduling-1    ] INFO  ThreadPoolDataReportJob - 动态线程池，上报线程池信息：[{"activeCount":0,"appName":"big-market-app","corePoolSize":20,"maximumPoolSize":50,"poolSize":0,"queueSize":0,"queueType":"LinkedBlockingQueue","remainingCapacity":5000,"threadPoolName":"threadPoolExecutor"}]
26-04-06.15:29:00.138 [scheduling-1    ] INFO  ThreadPoolDataReportJob - 动态线程池，上报线程池配置：{"activeCount":0,"appName":"big-market-app","corePoolSize":20,"maximumPoolSize":50,"poolSize":0,"queueSize":0,"queueType":"LinkedBlockingQueue","remainingCapacity":5000,"threadPoolName":"threadPoolExecutor"}
26-04-06.15:29:20.057 [scheduling-1    ] INFO  ThreadPoolDataReportJob - 动态线程池，上报线程池信息：[{"activeCount":0,"appName":"big-market-app","corePoolSize":20,"maximumPoolSize":50,"poolSize":0,"queueSize":0,"queueType":"LinkedBlockingQueue","remainingCapacity":5000,"threadPoolName":"threadPoolExecutor"}]
26-04-06.15:29:20.081 [scheduling-1    ] INFO  ThreadPoolDataReportJob - 动态线程池，上报线程池配置：{"activeCount":0,"appName":"big-market-app","corePoolSize":20,"maximumPoolSize":50,"poolSize":0,"queueSize":0,"queueType":"LinkedBlockingQueue","remainingCapacity":5000,"threadPoolName":"threadPoolExecutor"}
26-04-06.15:29:40.115 [scheduling-1    ] INFO  ThreadPoolDataReportJob - 动态线程池，上报线程池信息：[{"activeCount":0,"appName":"big-market-app","corePoolSize":20,"maximumPoolSize":50,"poolSize":0,"queueSize":0,"queueType":"LinkedBlockingQueue","remainingCapacity":5000,"threadPoolName":"threadPoolExecutor"}]
26-04-06.15:29:40.139 [scheduling-1    ] INFO  ThreadPoolDataReportJob - 动态线程池，上报线程池配置：{"activeCount":0,"appName":"big-market-app","corePoolSize":20,"maximumPoolSize":50,"poolSize":0,"queueSize":0,"queueType":"LinkedBlockingQueue","remainingCapacity":5000,"threadPoolName":"threadPoolExecutor"}
26-04-06.15:30:00.140 [scheduling-1    ] INFO  ThreadPoolDataReportJob - 动态线程池，上报线程池信息：[{"activeCount":0,"appName":"big-market-app","corePoolSize":20,"maximumPoolSize":50,"poolSize":0,"queueSize":0,"queueType":"LinkedBlockingQueue","remainingCapacity":5000,"threadPoolName":"threadPoolExecutor"}]
26-04-06.15:30:00.164 [scheduling-1    ] INFO  ThreadPoolDataReportJob - 动态线程池，上报线程池配置：{"activeCount":0,"appName":"big-market-app","corePoolSize":20,"maximumPoolSize":50,"poolSize":0,"queueSize":0,"queueType":"LinkedBlockingQueue","remainingCapacity":5000,"threadPoolName":"threadPoolExecutor"}
26-04-06.15:30:20.109 [scheduling-1    ] INFO  ThreadPoolDataReportJob - 动态线程池，上报线程池信息：[{"activeCount":0,"appName":"big-market-app","corePoolSize":20,"maximumPoolSize":50,"poolSize":0,"queueSize":0,"queueType":"LinkedBlockingQueue","remainingCapacity":5000,"threadPoolName":"threadPoolExecutor"}]
26-04-06.15:30:20.129 [scheduling-1    ] INFO  ThreadPoolDataReportJob - 动态线程池，上报线程池配置：{"activeCount":0,"appName":"big-market-app","corePoolSize":20,"maximumPoolSize":50,"poolSize":0,"queueSize":0,"queueType":"LinkedBlockingQueue","remainingCapacity":5000,"threadPoolName":"threadPoolExecutor"}
26-04-06.15:30:40.069 [scheduling-1    ] INFO  ThreadPoolDataReportJob - 动态线程池，上报线程池信息：[{"activeCount":0,"appName":"big-market-app","corePoolSize":20,"maximumPoolSize":50,"poolSize":0,"queueSize":0,"queueType":"LinkedBlockingQueue","remainingCapacity":5000,"threadPoolName":"threadPoolExecutor"}]
26-04-06.15:30:40.092 [scheduling-1    ] INFO  ThreadPoolDataReportJob - 动态线程池，上报线程池配置：{"activeCount":0,"appName":"big-market-app","corePoolSize":20,"maximumPoolSize":50,"poolSize":0,"queueSize":0,"queueType":"LinkedBlockingQueue","remainingCapacity":5000,"threadPoolName":"threadPoolExecutor"}
26-04-06.15:31:00.103 [scheduling-1    ] INFO  ThreadPoolDataReportJob - 动态线程池，上报线程池信息：[{"activeCount":0,"appName":"big-market-app","corePoolSize":20,"maximumPoolSize":50,"poolSize":0,"queueSize":0,"queueType":"LinkedBlockingQueue","remainingCapacity":5000,"threadPoolName":"threadPoolExecutor"}]
26-04-06.15:31:00.125 [scheduling-1    ] INFO  ThreadPoolDataReportJob - 动态线程池，上报线程池配置：{"activeCount":0,"appName":"big-market-app","corePoolSize":20,"maximumPoolSize":50,"poolSize":0,"queueSize":0,"queueType":"LinkedBlockingQueue","remainingCapacity":5000,"threadPoolName":"threadPoolExecutor"}
26-04-06.15:31:20.076 [scheduling-1    ] INFO  ThreadPoolDataReportJob - 动态线程池，上报线程池信息：[{"activeCount":0,"appName":"big-market-app","corePoolSize":20,"maximumPoolSize":50,"poolSize":0,"queueSize":0,"queueType":"LinkedBlockingQueue","remainingCapacity":5000,"threadPoolName":"threadPoolExecutor"}]
26-04-06.15:31:20.100 [scheduling-1    ] INFO  ThreadPoolDataReportJob - 动态线程池，上报线程池配置：{"activeCount":0,"appName":"big-market-app","corePoolSize":20,"maximumPoolSize":50,"poolSize":0,"queueSize":0,"queueType":"LinkedBlockingQueue","remainingCapacity":5000,"threadPoolName":"threadPoolExecutor"}
26-04-06.15:31:40.109 [scheduling-1    ] INFO  ThreadPoolDataReportJob - 动态线程池，上报线程池信息：[{"activeCount":0,"appName":"big-market-app","corePoolSize":20,"maximumPoolSize":50,"poolSize":0,"queueSize":0,"queueType":"LinkedBlockingQueue","remainingCapacity":5000,"threadPoolName":"threadPoolExecutor"}]
26-04-06.15:31:40.132 [scheduling-1    ] INFO  ThreadPoolDataReportJob - 动态线程池，上报线程池配置：{"activeCount":0,"appName":"big-market-app","corePoolSize":20,"maximumPoolSize":50,"poolSize":0,"queueSize":0,"queueType":"LinkedBlockingQueue","remainingCapacity":5000,"threadPoolName":"threadPoolExecutor"}
26-04-06.15:32:00.180 [scheduling-1    ] INFO  ThreadPoolDataReportJob - 动态线程池，上报线程池信息：[{"activeCount":0,"appName":"big-market-app","corePoolSize":20,"maximumPoolSize":50,"poolSize":0,"queueSize":0,"queueType":"LinkedBlockingQueue","remainingCapacity":5000,"threadPoolName":"threadPoolExecutor"}]
26-04-06.15:32:00.200 [scheduling-1    ] INFO  ThreadPoolDataReportJob - 动态线程池，上报线程池配置：{"activeCount":0,"appName":"big-market-app","corePoolSize":20,"maximumPoolSize":50,"poolSize":0,"queueSize":0,"queueType":"LinkedBlockingQueue","remainingCapacity":5000,"threadPoolName":"threadPoolExecutor"}
26-04-06.15:32:06.717 [http-nio-8091-exec-5] INFO  RaffleActivityController - 活动抽奖 userId:mlei3 activityId:100301
26-04-06.15:32:07.217 [http-nio-8091-exec-5] INFO  RaffleActivityController - 活动抽奖,创建订单 userId:mlei3 activityId:100301 orderId:774555249762
26-04-06.15:32:07.217 [http-nio-8091-exec-5] INFO  BlackListLogicChain    - 抽奖责任链-黑名单开始 userId:mlei3 strategyId:100006 ruleModel:rule_blacklist
26-04-06.15:32:07.265 [http-nio-8091-exec-5] INFO  BlackListLogicChain    - 抽奖责任链-黑名单放行 userId:mlei3 strategyId:100006 ruleModel:rule_blacklist
26-04-06.15:32:07.265 [http-nio-8091-exec-5] INFO  RuleWeightLogicChain   - 抽奖责任链-权重开始 userId:mlei3 strategyId:100006 ruleModel:rule_weight
26-04-06.15:32:07.338 [http-nio-8091-exec-5] INFO  RuleWeightLogicChain   - 抽奖责任链-权重放行 userId:mlei3 strategyId:100006 ruleModel:rule_weight
26-04-06.15:32:07.407 [http-nio-8091-exec-5] INFO  DefaultLogicChain      - 抽奖责任链-默认处理 userId: mlei3 strategyId: 100006 ruleModel: rule_default awardId: 101
26-04-06.15:32:07.407 [http-nio-8091-exec-5] INFO  AbstractRaffleStrategy - 抽奖策略计算-责任链出口 userId: mlei3 strategyId: 100006 ruleModel: rule_default awardId: 101
26-04-06.15:32:07.454 [http-nio-8091-exec-5] INFO  RuleStockLogicTreeNode - 规则过滤-库存扣减 userId:mlei3 strategyId:100006 ruleModel:rule_stock awardId:101 ruleValue:null
26-04-06.15:32:07.503 [http-nio-8091-exec-5] INFO  EventPublisher         - 发送MQ消息 topic:send_award_stock message:{"data":{"activityId":100006,"awardId":101},"id":"79523482788","timestamp":1775460727501}
26-04-06.15:32:07.503 [http-nio-8091-exec-5] INFO  RuleStockLogicTreeNode - 规则过滤-库存扣减-成功 userId:mlei3 strategyId:100006 ruleModel:rule_stock awardId:101 ruleValue:null
26-04-06.15:32:07.503 [http-nio-8091-exec-5] INFO  DecisionTreeEngine     - 决策树引擎【规则树-兜底奖励】 treeId: tree_luck_award node: rule_stock code: 0001
26-04-06.15:32:07.503 [http-nio-8091-exec-5] INFO  AbstractRaffleStrategy - 抽奖策略计算-规则树出口 userId: mlei3 strategyId: 100006 ruleValue: null awardId: 101
26-04-06.15:32:07.526 [org.springframework.amqp.rabbit.RabbitListenerEndpointContainer#1-1] INFO  AwardStockCustomer     - 监听奖品库存消费发送消息 topic: send_award_stock message: {"data":{"activityId":100006,"awardId":101},"id":"79523482788","timestamp":1775460727501}
26-04-06.15:32:07.568 [org.springframework.amqp.rabbit.RabbitListenerEndpointContainer#1-1] INFO  AwardStockCustomer     - MQ消息更新奖品消耗库存 strategyId:100006 awardId:101
26-04-06.15:32:07.740 [http-nio-8091-exec-5] INFO  EventPublisher         - 发送MQ消息 topic:send_award message:{"data":{"awardId":101,"awardTitle":"随机积分","userId":"mlei3"},"id":"53933196652","timestamp":1775460727526}
26-04-06.15:32:07.762 [org.springframework.amqp.rabbit.RabbitListenerEndpointContainer#3-1] INFO  SendAwardCustomer      - 监听用户奖品发送消息 topic: send_award message: {"data":{"awardId":101,"awardTitle":"随机积分","userId":"mlei3"},"id":"53933196652","timestamp":1775460727526}
26-04-06.15:32:20.183 [scheduling-1    ] INFO  ThreadPoolDataReportJob - 动态线程池，上报线程池信息：[{"activeCount":0,"appName":"big-market-app","corePoolSize":20,"maximumPoolSize":50,"poolSize":0,"queueSize":0,"queueType":"LinkedBlockingQueue","remainingCapacity":5000,"threadPoolName":"threadPoolExecutor"}]
26-04-06.15:32:20.207 [scheduling-1    ] INFO  ThreadPoolDataReportJob - 动态线程池，上报线程池配置：{"activeCount":0,"appName":"big-market-app","corePoolSize":20,"maximumPoolSize":50,"poolSize":0,"queueSize":0,"queueType":"LinkedBlockingQueue","remainingCapacity":5000,"threadPoolName":"threadPoolExecutor"}
26-04-06.15:32:37.560 [http-nio-8091-exec-6] INFO  RaffleActivityController - 活动抽奖 userId:mlei3 activityId:100301
26-04-06.15:32:38.061 [http-nio-8091-exec-6] INFO  RaffleActivityController - 活动抽奖,创建订单 userId:mlei3 activityId:100301 orderId:979945180711
26-04-06.15:32:38.061 [http-nio-8091-exec-6] INFO  BlackListLogicChain    - 抽奖责任链-黑名单开始 userId:mlei3 strategyId:100006 ruleModel:rule_blacklist
26-04-06.15:32:38.130 [http-nio-8091-exec-6] INFO  BlackListLogicChain    - 抽奖责任链-黑名单放行 userId:mlei3 strategyId:100006 ruleModel:rule_blacklist
26-04-06.15:32:38.130 [http-nio-8091-exec-6] INFO  RuleWeightLogicChain   - 抽奖责任链-权重开始 userId:mlei3 strategyId:100006 ruleModel:rule_weight
26-04-06.15:32:38.205 [http-nio-8091-exec-6] INFO  RuleWeightLogicChain   - 抽奖责任链-权重放行 userId:mlei3 strategyId:100006 ruleModel:rule_weight
26-04-06.15:32:38.273 [http-nio-8091-exec-6] INFO  DefaultLogicChain      - 抽奖责任链-默认处理 userId: mlei3 strategyId: 100006 ruleModel: rule_default awardId: 105
26-04-06.15:32:38.273 [http-nio-8091-exec-6] INFO  AbstractRaffleStrategy - 抽奖策略计算-责任链出口 userId: mlei3 strategyId: 100006 ruleModel: rule_default awardId: 105
26-04-06.15:32:38.319 [http-nio-8091-exec-6] INFO  RuleLockLogicTreeNode  - 规则过滤-抽奖次数 userId:mlei3 strategyId:100006 ruleModel:rule_lock awardId:105 ruleValue:3
26-04-06.15:32:38.366 [http-nio-8091-exec-6] INFO  RuleLockLogicTreeNode  - 规则过滤-次数锁【拦截】 userId:mlei3 strategyId:100006 awardId:105 raffleCount:3 userRaffleCount:2
26-04-06.15:32:38.366 [http-nio-8091-exec-6] INFO  DecisionTreeEngine     - 决策树引擎【规则树】 treeId: tree_lock_3 node: rule_lock code: 0001
26-04-06.15:32:38.366 [http-nio-8091-exec-6] INFO  RuleLuckAwardLogicTreeNode - 规则过滤-兜底奖品 userId:mlei3 strategyId:100006 ruleModel:rule_luck_award awardId:105 ruleValue:101:1,100
26-04-06.15:32:38.366 [http-nio-8091-exec-6] INFO  RuleLuckAwardLogicTreeNode - 规则过滤-兜底奖品 userId:mlei3 strategyId:100006 awardId:101 awardRuleValue:1,100
26-04-06.15:32:38.366 [http-nio-8091-exec-6] INFO  DecisionTreeEngine     - 决策树引擎【规则树】 treeId: tree_lock_3 node: rule_luck_award code: 0001
26-04-06.15:32:38.366 [http-nio-8091-exec-6] INFO  AbstractRaffleStrategy - 抽奖策略计算-规则树出口 userId: mlei3 strategyId: 100006 ruleValue: 1,100 awardId: 101
26-04-06.15:32:38.590 [http-nio-8091-exec-6] INFO  EventPublisher         - 发送MQ消息 topic:send_award message:{"data":{"awardId":101,"awardTitle":"随机积分","userId":"mlei3"},"id":"79224294592","timestamp":1775460758388}
26-04-06.15:32:38.612 [org.springframework.amqp.rabbit.RabbitListenerEndpointContainer#3-1] INFO  SendAwardCustomer      - 监听用户奖品发送消息 topic: send_award message: {"data":{"awardId":101,"awardTitle":"随机积分","userId":"mlei3"},"id":"79224294592","timestamp":1775460758388}
26-04-06.15:32:40.107 [scheduling-1    ] INFO  ThreadPoolDataReportJob - 动态线程池，上报线程池信息：[{"activeCount":0,"appName":"big-market-app","corePoolSize":20,"maximumPoolSize":50,"poolSize":0,"queueSize":0,"queueType":"LinkedBlockingQueue","remainingCapacity":5000,"threadPoolName":"threadPoolExecutor"}]
26-04-06.15:32:40.129 [scheduling-1    ] INFO  ThreadPoolDataReportJob - 动态线程池，上报线程池配置：{"activeCount":0,"appName":"big-market-app","corePoolSize":20,"maximumPoolSize":50,"poolSize":0,"queueSize":0,"queueType":"LinkedBlockingQueue","remainingCapacity":5000,"threadPoolName":"threadPoolExecutor"}
26-04-06.15:33:00.129 [scheduling-1    ] INFO  ThreadPoolDataReportJob - 动态线程池，上报线程池信息：[{"activeCount":0,"appName":"big-market-app","corePoolSize":20,"maximumPoolSize":50,"poolSize":0,"queueSize":0,"queueType":"LinkedBlockingQueue","remainingCapacity":5000,"threadPoolName":"threadPoolExecutor"}]
26-04-06.15:33:00.151 [scheduling-1    ] INFO  ThreadPoolDataReportJob - 动态线程池，上报线程池配置：{"activeCount":0,"appName":"big-market-app","corePoolSize":20,"maximumPoolSize":50,"poolSize":0,"queueSize":0,"queueType":"LinkedBlockingQueue","remainingCapacity":5000,"threadPoolName":"threadPoolExecutor"}
26-04-06.15:33:11.156 [http-nio-8091-exec-7] INFO  RaffleActivityController - 活动抽奖 userId:mlei3 activityId:100301
26-04-06.15:33:11.679 [http-nio-8091-exec-7] INFO  RaffleActivityController - 活动抽奖,创建订单 userId:mlei3 activityId:100301 orderId:250535391315
26-04-06.15:33:11.679 [http-nio-8091-exec-7] INFO  BlackListLogicChain    - 抽奖责任链-黑名单开始 userId:mlei3 strategyId:100006 ruleModel:rule_blacklist
26-04-06.15:33:11.725 [http-nio-8091-exec-7] INFO  BlackListLogicChain    - 抽奖责任链-黑名单放行 userId:mlei3 strategyId:100006 ruleModel:rule_blacklist
26-04-06.15:33:11.726 [http-nio-8091-exec-7] INFO  RuleWeightLogicChain   - 抽奖责任链-权重开始 userId:mlei3 strategyId:100006 ruleModel:rule_weight
26-04-06.15:33:11.797 [http-nio-8091-exec-7] INFO  RuleWeightLogicChain   - 抽奖责任链-权重放行 userId:mlei3 strategyId:100006 ruleModel:rule_weight
26-04-06.15:33:11.863 [http-nio-8091-exec-7] INFO  DefaultLogicChain      - 抽奖责任链-默认处理 userId: mlei3 strategyId: 100006 ruleModel: rule_default awardId: 108
26-04-06.15:33:11.863 [http-nio-8091-exec-7] INFO  AbstractRaffleStrategy - 抽奖策略计算-责任链出口 userId: mlei3 strategyId: 100006 ruleModel: rule_default awardId: 108
26-04-06.15:33:11.908 [http-nio-8091-exec-7] INFO  RuleStockLogicTreeNode - 规则过滤-库存扣减 userId:mlei3 strategyId:100006 ruleModel:rule_stock awardId:108 ruleValue:null
26-04-06.15:33:11.952 [http-nio-8091-exec-7] INFO  EventPublisher         - 发送MQ消息 topic:send_award_stock message:{"data":{"activityId":100006,"awardId":108},"id":"74456549063","timestamp":1775460791952}
26-04-06.15:33:11.952 [http-nio-8091-exec-7] INFO  RuleStockLogicTreeNode - 规则过滤-库存扣减-成功 userId:mlei3 strategyId:100006 ruleModel:rule_stock awardId:108 ruleValue:null
26-04-06.15:33:11.952 [http-nio-8091-exec-7] INFO  DecisionTreeEngine     - 决策树引擎【规则树-兜底奖励】 treeId: tree_luck_award node: rule_stock code: 0001
26-04-06.15:33:11.952 [http-nio-8091-exec-7] INFO  AbstractRaffleStrategy - 抽奖策略计算-规则树出口 userId: mlei3 strategyId: 100006 ruleValue: null awardId: 108
26-04-06.15:33:11.974 [org.springframework.amqp.rabbit.RabbitListenerEndpointContainer#1-1] INFO  AwardStockCustomer     - 监听奖品库存消费发送消息 topic: send_award_stock message: {"data":{"activityId":100006,"awardId":108},"id":"74456549063","timestamp":1775460791952}
26-04-06.15:33:11.976 [org.springframework.amqp.rabbit.RabbitListenerEndpointContainer#1-1] INFO  AwardStockCustomer     - MQ消息更新奖品消耗库存 strategyId:100006 awardId:108
26-04-06.15:33:12.180 [http-nio-8091-exec-7] INFO  EventPublisher         - 发送MQ消息 topic:send_award message:{"data":{"awardId":108,"awardTitle":"暴走玩偶","userId":"mlei3"},"id":"88097552027","timestamp":1775460791974}
26-04-06.15:33:12.203 [org.springframework.amqp.rabbit.RabbitListenerEndpointContainer#3-1] INFO  SendAwardCustomer      - 监听用户奖品发送消息 topic: send_award message: {"data":{"awardId":108,"awardTitle":"暴走玩偶","userId":"mlei3"},"id":"88097552027","timestamp":1775460791974}
26-04-06.15:33:20.092 [scheduling-1    ] INFO  ThreadPoolDataReportJob - 动态线程池，上报线程池信息：[{"activeCount":0,"appName":"big-market-app","corePoolSize":20,"maximumPoolSize":50,"poolSize":0,"queueSize":0,"queueType":"LinkedBlockingQueue","remainingCapacity":5000,"threadPoolName":"threadPoolExecutor"}]
26-04-06.15:33:20.115 [scheduling-1    ] INFO  ThreadPoolDataReportJob - 动态线程池，上报线程池配置：{"activeCount":0,"appName":"big-market-app","corePoolSize":20,"maximumPoolSize":50,"poolSize":0,"queueSize":0,"queueType":"LinkedBlockingQueue","remainingCapacity":5000,"threadPoolName":"threadPoolExecutor"}
26-04-06.15:33:40.170 [scheduling-1    ] INFO  ThreadPoolDataReportJob - 动态线程池，上报线程池信息：[{"activeCount":0,"appName":"big-market-app","corePoolSize":20,"maximumPoolSize":50,"poolSize":0,"queueSize":0,"queueType":"LinkedBlockingQueue","remainingCapacity":5000,"threadPoolName":"threadPoolExecutor"}]
26-04-06.15:33:40.192 [scheduling-1    ] INFO  ThreadPoolDataReportJob - 动态线程池，上报线程池配置：{"activeCount":0,"appName":"big-market-app","corePoolSize":20,"maximumPoolSize":50,"poolSize":0,"queueSize":0,"queueType":"LinkedBlockingQueue","remainingCapacity":5000,"threadPoolName":"threadPoolExecutor"}
26-04-06.15:34:00.072 [scheduling-1    ] INFO  ThreadPoolDataReportJob - 动态线程池，上报线程池信息：[{"activeCount":0,"appName":"big-market-app","corePoolSize":20,"maximumPoolSize":50,"poolSize":0,"queueSize":0,"queueType":"LinkedBlockingQueue","remainingCapacity":5000,"threadPoolName":"threadPoolExecutor"}]
26-04-06.15:34:00.094 [scheduling-1    ] INFO  ThreadPoolDataReportJob - 动态线程池，上报线程池配置：{"activeCount":0,"appName":"big-market-app","corePoolSize":20,"maximumPoolSize":50,"poolSize":0,"queueSize":0,"queueType":"LinkedBlockingQueue","remainingCapacity":5000,"threadPoolName":"threadPoolExecutor"}
26-04-06.15:34:20.178 [scheduling-1    ] INFO  ThreadPoolDataReportJob - 动态线程池，上报线程池信息：[{"activeCount":0,"appName":"big-market-app","corePoolSize":20,"maximumPoolSize":50,"poolSize":0,"queueSize":0,"queueType":"LinkedBlockingQueue","remainingCapacity":5000,"threadPoolName":"threadPoolExecutor"}]
26-04-06.15:34:20.201 [scheduling-1    ] INFO  ThreadPoolDataReportJob - 动态线程池，上报线程池配置：{"activeCount":0,"appName":"big-market-app","corePoolSize":20,"maximumPoolSize":50,"poolSize":0,"queueSize":0,"queueType":"LinkedBlockingQueue","remainingCapacity":5000,"threadPoolName":"threadPoolExecutor"}
26-04-06.15:34:24.008 [http-nio-8091-exec-10] INFO  RaffleActivityController - 活动抽奖 userId:mlei3 activityId:100301
26-04-06.15:34:24.744 [http-nio-8091-exec-10] INFO  RaffleActivityController - 活动抽奖,创建订单 userId:mlei3 activityId:100301 orderId:848017410384
26-04-06.15:34:24.744 [http-nio-8091-exec-10] INFO  BlackListLogicChain    - 抽奖责任链-黑名单开始 userId:mlei3 strategyId:100006 ruleModel:rule_blacklist
26-04-06.15:34:24.791 [http-nio-8091-exec-10] INFO  BlackListLogicChain    - 抽奖责任链-黑名单放行 userId:mlei3 strategyId:100006 ruleModel:rule_blacklist
26-04-06.15:34:24.791 [http-nio-8091-exec-10] INFO  RuleWeightLogicChain   - 抽奖责任链-权重开始 userId:mlei3 strategyId:100006 ruleModel:rule_weight
26-04-06.15:34:24.864 [http-nio-8091-exec-10] INFO  RuleWeightLogicChain   - 抽奖责任链-权重放行 userId:mlei3 strategyId:100006 ruleModel:rule_weight
26-04-06.15:34:24.930 [http-nio-8091-exec-10] INFO  DefaultLogicChain      - 抽奖责任链-默认处理 userId: mlei3 strategyId: 100006 ruleModel: rule_default awardId: 103
26-04-06.15:34:24.930 [http-nio-8091-exec-10] INFO  AbstractRaffleStrategy - 抽奖策略计算-责任链出口 userId: mlei3 strategyId: 100006 ruleModel: rule_default awardId: 103
26-04-06.15:34:24.978 [http-nio-8091-exec-10] INFO  RuleStockLogicTreeNode - 规则过滤-库存扣减 userId:mlei3 strategyId:100006 ruleModel:rule_stock awardId:103 ruleValue:null
26-04-06.15:34:25.020 [http-nio-8091-exec-10] INFO  EventPublisher         - 发送MQ消息 topic:send_award_stock message:{"data":{"activityId":100006,"awardId":103},"id":"95023438918","timestamp":1775460865020}
26-04-06.15:34:25.021 [http-nio-8091-exec-10] INFO  RuleStockLogicTreeNode - 规则过滤-库存扣减-成功 userId:mlei3 strategyId:100006 ruleModel:rule_stock awardId:103 ruleValue:null
26-04-06.15:34:25.021 [http-nio-8091-exec-10] INFO  DecisionTreeEngine     - 决策树引擎【规则树-兜底奖励】 treeId: tree_luck_award node: rule_stock code: 0001
26-04-06.15:34:25.021 [http-nio-8091-exec-10] INFO  AbstractRaffleStrategy - 抽奖策略计算-规则树出口 userId: mlei3 strategyId: 100006 ruleValue: null awardId: 103
26-04-06.15:34:25.044 [org.springframework.amqp.rabbit.RabbitListenerEndpointContainer#1-1] INFO  AwardStockCustomer     - 监听奖品库存消费发送消息 topic: send_award_stock message: {"data":{"activityId":100006,"awardId":103},"id":"95023438918","timestamp":1775460865020}
26-04-06.15:34:25.044 [org.springframework.amqp.rabbit.RabbitListenerEndpointContainer#1-1] INFO  AwardStockCustomer     - MQ消息更新奖品消耗库存 strategyId:100006 awardId:103
26-04-06.15:34:25.250 [http-nio-8091-exec-10] INFO  EventPublisher         - 发送MQ消息 topic:send_award message:{"data":{"awardId":103,"awardTitle":"支付优惠券","userId":"mlei3"},"id":"58123459464","timestamp":1775460865044}
26-04-06.15:34:25.273 [org.springframework.amqp.rabbit.RabbitListenerEndpointContainer#3-1] INFO  SendAwardCustomer      - 监听用户奖品发送消息 topic: send_award message: {"data":{"awardId":103,"awardTitle":"支付优惠券","userId":"mlei3"},"id":"58123459464","timestamp":1775460865044}
26-04-06.15:34:37.317 [http-nio-8091-exec-11] INFO  RaffleActivityController - 活动抽奖 userId:mlei3 activityId:100301
26-04-06.15:34:37.845 [http-nio-8091-exec-11] INFO  RaffleActivityController - 活动抽奖,创建订单 userId:mlei3 activityId:100301 orderId:886206877377
26-04-06.15:34:37.845 [http-nio-8091-exec-11] INFO  BlackListLogicChain    - 抽奖责任链-黑名单开始 userId:mlei3 strategyId:100006 ruleModel:rule_blacklist
26-04-06.15:34:37.894 [http-nio-8091-exec-11] INFO  BlackListLogicChain    - 抽奖责任链-黑名单放行 userId:mlei3 strategyId:100006 ruleModel:rule_blacklist
26-04-06.15:34:37.894 [http-nio-8091-exec-11] INFO  RuleWeightLogicChain   - 抽奖责任链-权重开始 userId:mlei3 strategyId:100006 ruleModel:rule_weight
26-04-06.15:34:37.969 [http-nio-8091-exec-11] INFO  RuleWeightLogicChain   - 抽奖责任链-权重放行 userId:mlei3 strategyId:100006 ruleModel:rule_weight
26-04-06.15:34:38.037 [http-nio-8091-exec-11] INFO  DefaultLogicChain      - 抽奖责任链-默认处理 userId: mlei3 strategyId: 100006 ruleModel: rule_default awardId: 108
26-04-06.15:34:38.037 [http-nio-8091-exec-11] INFO  AbstractRaffleStrategy - 抽奖策略计算-责任链出口 userId: mlei3 strategyId: 100006 ruleModel: rule_default awardId: 108
26-04-06.15:34:38.083 [http-nio-8091-exec-11] INFO  RuleStockLogicTreeNode - 规则过滤-库存扣减 userId:mlei3 strategyId:100006 ruleModel:rule_stock awardId:108 ruleValue:null
26-04-06.15:34:38.127 [http-nio-8091-exec-11] INFO  EventPublisher         - 发送MQ消息 topic:send_award_stock message:{"data":{"activityId":100006,"awardId":108},"id":"85676266743","timestamp":1775460878127}
26-04-06.15:34:38.127 [http-nio-8091-exec-11] INFO  RuleStockLogicTreeNode - 规则过滤-库存扣减-成功 userId:mlei3 strategyId:100006 ruleModel:rule_stock awardId:108 ruleValue:null
26-04-06.15:34:38.127 [http-nio-8091-exec-11] INFO  DecisionTreeEngine     - 决策树引擎【规则树-兜底奖励】 treeId: tree_luck_award node: rule_stock code: 0001
26-04-06.15:34:38.127 [http-nio-8091-exec-11] INFO  AbstractRaffleStrategy - 抽奖策略计算-规则树出口 userId: mlei3 strategyId: 100006 ruleValue: null awardId: 108
26-04-06.15:34:38.149 [org.springframework.amqp.rabbit.RabbitListenerEndpointContainer#1-1] INFO  AwardStockCustomer     - 监听奖品库存消费发送消息 topic: send_award_stock message: {"data":{"activityId":100006,"awardId":108},"id":"85676266743","timestamp":1775460878127}
26-04-06.15:34:38.149 [org.springframework.amqp.rabbit.RabbitListenerEndpointContainer#1-1] INFO  AwardStockCustomer     - MQ消息更新奖品消耗库存 strategyId:100006 awardId:108
26-04-06.15:34:38.370 [http-nio-8091-exec-11] INFO  EventPublisher         - 发送MQ消息 topic:send_award message:{"data":{"awardId":108,"awardTitle":"暴走玩偶","userId":"mlei3"},"id":"92918024699","timestamp":1775460878149}
26-04-06.15:34:38.393 [org.springframework.amqp.rabbit.RabbitListenerEndpointContainer#3-1] INFO  SendAwardCustomer      - 监听用户奖品发送消息 topic: send_award message: {"data":{"awardId":108,"awardTitle":"暴走玩偶","userId":"mlei3"},"id":"92918024699","timestamp":1775460878149}
26-04-06.15:34:40.088 [scheduling-1    ] INFO  ThreadPoolDataReportJob - 动态线程池，上报线程池信息：[{"activeCount":0,"appName":"big-market-app","corePoolSize":20,"maximumPoolSize":50,"poolSize":0,"queueSize":0,"queueType":"LinkedBlockingQueue","remainingCapacity":5000,"threadPoolName":"threadPoolExecutor"}]
26-04-06.15:34:40.110 [scheduling-1    ] INFO  ThreadPoolDataReportJob - 动态线程池，上报线程池配置：{"activeCount":0,"appName":"big-market-app","corePoolSize":20,"maximumPoolSize":50,"poolSize":0,"queueSize":0,"queueType":"LinkedBlockingQueue","remainingCapacity":5000,"threadPoolName":"threadPoolExecutor"}
26-04-06.15:34:48.155 [http-nio-8091-exec-12] INFO  RaffleActivityController - 活动抽奖 userId:mlei3 activityId:100301
26-04-06.15:34:48.659 [http-nio-8091-exec-12] INFO  RaffleActivityController - 活动抽奖,创建订单 userId:mlei3 activityId:100301 orderId:437640405416
26-04-06.15:34:48.659 [http-nio-8091-exec-12] INFO  BlackListLogicChain    - 抽奖责任链-黑名单开始 userId:mlei3 strategyId:100006 ruleModel:rule_blacklist
26-04-06.15:34:48.705 [http-nio-8091-exec-12] INFO  BlackListLogicChain    - 抽奖责任链-黑名单放行 userId:mlei3 strategyId:100006 ruleModel:rule_blacklist
26-04-06.15:34:48.705 [http-nio-8091-exec-12] INFO  RuleWeightLogicChain   - 抽奖责任链-权重开始 userId:mlei3 strategyId:100006 ruleModel:rule_weight
26-04-06.15:34:48.779 [http-nio-8091-exec-12] INFO  RuleWeightLogicChain   - 抽奖责任链-权重放行 userId:mlei3 strategyId:100006 ruleModel:rule_weight
26-04-06.15:34:48.847 [http-nio-8091-exec-12] INFO  DefaultLogicChain      - 抽奖责任链-默认处理 userId: mlei3 strategyId: 100006 ruleModel: rule_default awardId: 101
26-04-06.15:34:48.847 [http-nio-8091-exec-12] INFO  AbstractRaffleStrategy - 抽奖策略计算-责任链出口 userId: mlei3 strategyId: 100006 ruleModel: rule_default awardId: 101
26-04-06.15:34:48.892 [http-nio-8091-exec-12] INFO  RuleStockLogicTreeNode - 规则过滤-库存扣减 userId:mlei3 strategyId:100006 ruleModel:rule_stock awardId:101 ruleValue:null
26-04-06.15:34:48.935 [http-nio-8091-exec-12] INFO  EventPublisher         - 发送MQ消息 topic:send_award_stock message:{"data":{"activityId":100006,"awardId":101},"id":"14931110035","timestamp":1775460888935}
26-04-06.15:34:48.935 [http-nio-8091-exec-12] INFO  RuleStockLogicTreeNode - 规则过滤-库存扣减-成功 userId:mlei3 strategyId:100006 ruleModel:rule_stock awardId:101 ruleValue:null
26-04-06.15:34:48.935 [http-nio-8091-exec-12] INFO  DecisionTreeEngine     - 决策树引擎【规则树-兜底奖励】 treeId: tree_luck_award node: rule_stock code: 0001
26-04-06.15:34:48.935 [http-nio-8091-exec-12] INFO  AbstractRaffleStrategy - 抽奖策略计算-规则树出口 userId: mlei3 strategyId: 100006 ruleValue: null awardId: 101
26-04-06.15:34:48.957 [org.springframework.amqp.rabbit.RabbitListenerEndpointContainer#1-1] INFO  AwardStockCustomer     - 监听奖品库存消费发送消息 topic: send_award_stock message: {"data":{"activityId":100006,"awardId":101},"id":"14931110035","timestamp":1775460888935}
26-04-06.15:34:48.957 [org.springframework.amqp.rabbit.RabbitListenerEndpointContainer#1-1] INFO  AwardStockCustomer     - MQ消息更新奖品消耗库存 strategyId:100006 awardId:101
26-04-06.15:34:49.224 [http-nio-8091-exec-12] INFO  EventPublisher         - 发送MQ消息 topic:send_award message:{"data":{"awardId":101,"awardTitle":"随机积分","userId":"mlei3"},"id":"62845118697","timestamp":1775460888957}
26-04-06.15:34:49.246 [org.springframework.amqp.rabbit.RabbitListenerEndpointContainer#3-1] INFO  SendAwardCustomer      - 监听用户奖品发送消息 topic: send_award message: {"data":{"awardId":101,"awardTitle":"随机积分","userId":"mlei3"},"id":"62845118697","timestamp":1775460888957}
26-04-06.15:34:50.895 [http-nio-8091-exec-13] INFO  RaffleActivityController - 活动抽奖 userId:mlei3 activityId:100301
26-04-06.15:34:51.393 [http-nio-8091-exec-13] INFO  RaffleActivityController - 活动抽奖,创建订单 userId:mlei3 activityId:100301 orderId:970695966178
26-04-06.15:34:51.393 [http-nio-8091-exec-13] INFO  BlackListLogicChain    - 抽奖责任链-黑名单开始 userId:mlei3 strategyId:100006 ruleModel:rule_blacklist
26-04-06.15:34:51.440 [http-nio-8091-exec-13] INFO  BlackListLogicChain    - 抽奖责任链-黑名单放行 userId:mlei3 strategyId:100006 ruleModel:rule_blacklist
26-04-06.15:34:51.440 [http-nio-8091-exec-13] INFO  RuleWeightLogicChain   - 抽奖责任链-权重开始 userId:mlei3 strategyId:100006 ruleModel:rule_weight
26-04-06.15:34:51.515 [http-nio-8091-exec-13] INFO  RuleWeightLogicChain   - 抽奖责任链-权重放行 userId:mlei3 strategyId:100006 ruleModel:rule_weight
26-04-06.15:34:51.580 [http-nio-8091-exec-13] INFO  DefaultLogicChain      - 抽奖责任链-默认处理 userId: mlei3 strategyId: 100006 ruleModel: rule_default awardId: 106
26-04-06.15:34:51.580 [http-nio-8091-exec-13] INFO  AbstractRaffleStrategy - 抽奖策略计算-责任链出口 userId: mlei3 strategyId: 100006 ruleModel: rule_default awardId: 106
26-04-06.15:34:51.626 [http-nio-8091-exec-13] INFO  RuleLockLogicTreeNode  - 规则过滤-抽奖次数 userId:mlei3 strategyId:100006 ruleModel:rule_lock awardId:106 ruleValue:2
26-04-06.15:34:51.673 [http-nio-8091-exec-13] INFO  RuleLockLogicTreeNode  - 规则过滤-次数锁【放行】 userId:mlei3 strategyId:100006 awardId:106 raffleCount:2 userRaffleCount:5
26-04-06.15:34:51.673 [http-nio-8091-exec-13] INFO  DecisionTreeEngine     - 决策树引擎【规则树】 treeId: tree_lock_2 node: rule_lock code: 0000
26-04-06.15:34:51.673 [http-nio-8091-exec-13] INFO  RuleStockLogicTreeNode - 规则过滤-库存扣减 userId:mlei3 strategyId:100006 ruleModel:rule_stock awardId:106 ruleValue:null
26-04-06.15:34:51.721 [http-nio-8091-exec-13] INFO  EventPublisher         - 发送MQ消息 topic:send_award_stock message:{"data":{"activityId":100006,"awardId":106},"id":"67696447699","timestamp":1775460891721}
26-04-06.15:34:51.721 [http-nio-8091-exec-13] INFO  RuleStockLogicTreeNode - 规则过滤-库存扣减-成功 userId:mlei3 strategyId:100006 ruleModel:rule_stock awardId:106 ruleValue:null
26-04-06.15:34:51.721 [http-nio-8091-exec-13] INFO  DecisionTreeEngine     - 决策树引擎【规则树】 treeId: tree_lock_2 node: rule_stock code: 0001
26-04-06.15:34:51.721 [http-nio-8091-exec-13] INFO  AbstractRaffleStrategy - 抽奖策略计算-规则树出口 userId: mlei3 strategyId: 100006 ruleValue: null awardId: 106
26-04-06.15:34:51.743 [org.springframework.amqp.rabbit.RabbitListenerEndpointContainer#1-1] INFO  AwardStockCustomer     - 监听奖品库存消费发送消息 topic: send_award_stock message: {"data":{"activityId":100006,"awardId":106},"id":"67696447699","timestamp":1775460891721}
26-04-06.15:34:51.743 [org.springframework.amqp.rabbit.RabbitListenerEndpointContainer#1-1] INFO  AwardStockCustomer     - MQ消息更新奖品消耗库存 strategyId:100006 awardId:106
26-04-06.15:34:51.948 [http-nio-8091-exec-13] INFO  EventPublisher         - 发送MQ消息 topic:send_award message:{"data":{"awardId":106,"awardTitle":"轻奢办公椅","userId":"mlei3"},"id":"07440403776","timestamp":1775460891743}
26-04-06.15:34:51.968 [org.springframework.amqp.rabbit.RabbitListenerEndpointContainer#3-1] INFO  SendAwardCustomer      - 监听用户奖品发送消息 topic: send_award message: {"data":{"awardId":106,"awardTitle":"轻奢办公椅","userId":"mlei3"},"id":"07440403776","timestamp":1775460891743}
26-04-06.15:34:54.348 [http-nio-8091-exec-14] INFO  RaffleActivityController - 活动抽奖 userId:mlei3 activityId:100301
26-04-06.15:34:54.844 [http-nio-8091-exec-14] INFO  RaffleActivityController - 活动抽奖,创建订单 userId:mlei3 activityId:100301 orderId:370859313180
26-04-06.15:34:54.844 [http-nio-8091-exec-14] INFO  BlackListLogicChain    - 抽奖责任链-黑名单开始 userId:mlei3 strategyId:100006 ruleModel:rule_blacklist
26-04-06.15:34:54.889 [http-nio-8091-exec-14] INFO  BlackListLogicChain    - 抽奖责任链-黑名单放行 userId:mlei3 strategyId:100006 ruleModel:rule_blacklist
26-04-06.15:34:54.891 [http-nio-8091-exec-14] INFO  RuleWeightLogicChain   - 抽奖责任链-权重开始 userId:mlei3 strategyId:100006 ruleModel:rule_weight
26-04-06.15:34:54.964 [http-nio-8091-exec-14] INFO  RuleWeightLogicChain   - 抽奖责任链-权重放行 userId:mlei3 strategyId:100006 ruleModel:rule_weight
26-04-06.15:34:55.031 [http-nio-8091-exec-14] INFO  DefaultLogicChain      - 抽奖责任链-默认处理 userId: mlei3 strategyId: 100006 ruleModel: rule_default awardId: 104
26-04-06.15:34:55.031 [http-nio-8091-exec-14] INFO  AbstractRaffleStrategy - 抽奖策略计算-责任链出口 userId: mlei3 strategyId: 100006 ruleModel: rule_default awardId: 104
26-04-06.15:34:55.076 [http-nio-8091-exec-14] INFO  RuleStockLogicTreeNode - 规则过滤-库存扣减 userId:mlei3 strategyId:100006 ruleModel:rule_stock awardId:104 ruleValue:null
26-04-06.15:34:55.120 [http-nio-8091-exec-14] INFO  EventPublisher         - 发送MQ消息 topic:send_award_stock message:{"data":{"activityId":100006,"awardId":104},"id":"84019101753","timestamp":1775460895120}
26-04-06.15:34:55.120 [http-nio-8091-exec-14] INFO  RuleStockLogicTreeNode - 规则过滤-库存扣减-成功 userId:mlei3 strategyId:100006 ruleModel:rule_stock awardId:104 ruleValue:null
26-04-06.15:34:55.120 [http-nio-8091-exec-14] INFO  DecisionTreeEngine     - 决策树引擎【规则树-兜底奖励】 treeId: tree_luck_award node: rule_stock code: 0001
26-04-06.15:34:55.120 [http-nio-8091-exec-14] INFO  AbstractRaffleStrategy - 抽奖策略计算-规则树出口 userId: mlei3 strategyId: 100006 ruleValue: null awardId: 104
26-04-06.15:34:55.142 [org.springframework.amqp.rabbit.RabbitListenerEndpointContainer#1-1] INFO  AwardStockCustomer     - 监听奖品库存消费发送消息 topic: send_award_stock message: {"data":{"activityId":100006,"awardId":104},"id":"84019101753","timestamp":1775460895120}
26-04-06.15:34:55.143 [org.springframework.amqp.rabbit.RabbitListenerEndpointContainer#1-1] INFO  AwardStockCustomer     - MQ消息更新奖品消耗库存 strategyId:100006 awardId:104
26-04-06.15:34:55.353 [http-nio-8091-exec-14] INFO  EventPublisher         - 发送MQ消息 topic:send_award message:{"data":{"awardId":104,"awardTitle":"小米台灯","userId":"mlei3"},"id":"14651599567","timestamp":1775460895142}
26-04-06.15:34:55.375 [org.springframework.amqp.rabbit.RabbitListenerEndpointContainer#3-1] INFO  SendAwardCustomer      - 监听用户奖品发送消息 topic: send_award message: {"data":{"awardId":104,"awardTitle":"小米台灯","userId":"mlei3"},"id":"14651599567","timestamp":1775460895142}
26-04-06.15:34:56.138 [http-nio-8091-exec-15] INFO  RaffleActivityController - 活动抽奖 userId:mlei3 activityId:100301
26-04-06.15:34:56.632 [http-nio-8091-exec-15] INFO  RaffleActivityController - 活动抽奖,创建订单 userId:mlei3 activityId:100301 orderId:593338546925
26-04-06.15:34:56.632 [http-nio-8091-exec-15] INFO  BlackListLogicChain    - 抽奖责任链-黑名单开始 userId:mlei3 strategyId:100006 ruleModel:rule_blacklist
26-04-06.15:34:56.679 [http-nio-8091-exec-15] INFO  BlackListLogicChain    - 抽奖责任链-黑名单放行 userId:mlei3 strategyId:100006 ruleModel:rule_blacklist
26-04-06.15:34:56.679 [http-nio-8091-exec-15] INFO  RuleWeightLogicChain   - 抽奖责任链-权重开始 userId:mlei3 strategyId:100006 ruleModel:rule_weight
26-04-06.15:34:56.750 [http-nio-8091-exec-15] INFO  RuleWeightLogicChain   - 抽奖责任链-权重放行 userId:mlei3 strategyId:100006 ruleModel:rule_weight
26-04-06.15:34:56.816 [http-nio-8091-exec-15] INFO  DefaultLogicChain      - 抽奖责任链-默认处理 userId: mlei3 strategyId: 100006 ruleModel: rule_default awardId: 105
26-04-06.15:34:56.816 [http-nio-8091-exec-15] INFO  AbstractRaffleStrategy - 抽奖策略计算-责任链出口 userId: mlei3 strategyId: 100006 ruleModel: rule_default awardId: 105
26-04-06.15:34:56.863 [http-nio-8091-exec-15] INFO  RuleLockLogicTreeNode  - 规则过滤-抽奖次数 userId:mlei3 strategyId:100006 ruleModel:rule_lock awardId:105 ruleValue:3
26-04-06.15:34:56.909 [http-nio-8091-exec-15] INFO  RuleLockLogicTreeNode  - 规则过滤-次数锁【放行】 userId:mlei3 strategyId:100006 awardId:105 raffleCount:3 userRaffleCount:7
26-04-06.15:34:56.911 [http-nio-8091-exec-15] INFO  DecisionTreeEngine     - 决策树引擎【规则树】 treeId: tree_lock_3 node: rule_lock code: 0000
26-04-06.15:34:56.911 [http-nio-8091-exec-15] INFO  RuleStockLogicTreeNode - 规则过滤-库存扣减 userId:mlei3 strategyId:100006 ruleModel:rule_stock awardId:105 ruleValue:null
26-04-06.15:34:56.954 [http-nio-8091-exec-15] INFO  EventPublisher         - 发送MQ消息 topic:send_award_stock message:{"data":{"activityId":100006,"awardId":105},"id":"87869845672","timestamp":1775460896954}
26-04-06.15:34:56.954 [http-nio-8091-exec-15] INFO  RuleStockLogicTreeNode - 规则过滤-库存扣减-成功 userId:mlei3 strategyId:100006 ruleModel:rule_stock awardId:105 ruleValue:null
26-04-06.15:34:56.954 [http-nio-8091-exec-15] INFO  DecisionTreeEngine     - 决策树引擎【规则树】 treeId: tree_lock_3 node: rule_stock code: 0001
26-04-06.15:34:56.954 [http-nio-8091-exec-15] INFO  AbstractRaffleStrategy - 抽奖策略计算-规则树出口 userId: mlei3 strategyId: 100006 ruleValue: null awardId: 105
26-04-06.15:34:56.976 [org.springframework.amqp.rabbit.RabbitListenerEndpointContainer#1-1] INFO  AwardStockCustomer     - 监听奖品库存消费发送消息 topic: send_award_stock message: {"data":{"activityId":100006,"awardId":105},"id":"87869845672","timestamp":1775460896954}
26-04-06.15:34:56.976 [org.springframework.amqp.rabbit.RabbitListenerEndpointContainer#1-1] INFO  AwardStockCustomer     - MQ消息更新奖品消耗库存 strategyId:100006 awardId:105
26-04-06.15:34:57.180 [http-nio-8091-exec-15] INFO  EventPublisher         - 发送MQ消息 topic:send_award message:{"data":{"awardId":105,"awardTitle":"小米su7周体验","userId":"mlei3"},"id":"40992392890","timestamp":1775460896976}
26-04-06.15:34:57.201 [org.springframework.amqp.rabbit.RabbitListenerEndpointContainer#3-1] INFO  SendAwardCustomer      - 监听用户奖品发送消息 topic: send_award message: {"data":{"awardId":105,"awardTitle":"小米su7周体验","userId":"mlei3"},"id":"40992392890","timestamp":1775460896976}
26-04-06.15:34:58.230 [http-nio-8091-exec-16] INFO  RaffleActivityController - 活动抽奖 userId:mlei3 activityId:100301
26-04-06.15:34:58.725 [http-nio-8091-exec-16] INFO  RaffleActivityController - 活动抽奖,创建订单 userId:mlei3 activityId:100301 orderId:109680040832
26-04-06.15:34:58.725 [http-nio-8091-exec-16] INFO  BlackListLogicChain    - 抽奖责任链-黑名单开始 userId:mlei3 strategyId:100006 ruleModel:rule_blacklist
26-04-06.15:34:58.773 [http-nio-8091-exec-16] INFO  BlackListLogicChain    - 抽奖责任链-黑名单放行 userId:mlei3 strategyId:100006 ruleModel:rule_blacklist
26-04-06.15:34:58.773 [http-nio-8091-exec-16] INFO  RuleWeightLogicChain   - 抽奖责任链-权重开始 userId:mlei3 strategyId:100006 ruleModel:rule_weight
26-04-06.15:34:58.845 [http-nio-8091-exec-16] INFO  RuleWeightLogicChain   - 抽奖责任链-权重放行 userId:mlei3 strategyId:100006 ruleModel:rule_weight
26-04-06.15:34:58.912 [http-nio-8091-exec-16] INFO  DefaultLogicChain      - 抽奖责任链-默认处理 userId: mlei3 strategyId: 100006 ruleModel: rule_default awardId: 104
26-04-06.15:34:58.912 [http-nio-8091-exec-16] INFO  AbstractRaffleStrategy - 抽奖策略计算-责任链出口 userId: mlei3 strategyId: 100006 ruleModel: rule_default awardId: 104
26-04-06.15:34:58.957 [http-nio-8091-exec-16] INFO  RuleStockLogicTreeNode - 规则过滤-库存扣减 userId:mlei3 strategyId:100006 ruleModel:rule_stock awardId:104 ruleValue:null
26-04-06.15:34:59.000 [http-nio-8091-exec-16] INFO  EventPublisher         - 发送MQ消息 topic:send_award_stock message:{"data":{"activityId":100006,"awardId":104},"id":"29075011737","timestamp":1775460899000}
26-04-06.15:34:59.000 [http-nio-8091-exec-16] INFO  RuleStockLogicTreeNode - 规则过滤-库存扣减-成功 userId:mlei3 strategyId:100006 ruleModel:rule_stock awardId:104 ruleValue:null
26-04-06.15:34:59.000 [http-nio-8091-exec-16] INFO  DecisionTreeEngine     - 决策树引擎【规则树-兜底奖励】 treeId: tree_luck_award node: rule_stock code: 0001
26-04-06.15:34:59.000 [http-nio-8091-exec-16] INFO  AbstractRaffleStrategy - 抽奖策略计算-规则树出口 userId: mlei3 strategyId: 100006 ruleValue: null awardId: 104
26-04-06.15:34:59.022 [org.springframework.amqp.rabbit.RabbitListenerEndpointContainer#1-1] INFO  AwardStockCustomer     - 监听奖品库存消费发送消息 topic: send_award_stock message: {"data":{"activityId":100006,"awardId":104},"id":"29075011737","timestamp":1775460899000}
26-04-06.15:34:59.022 [org.springframework.amqp.rabbit.RabbitListenerEndpointContainer#1-1] INFO  AwardStockCustomer     - MQ消息更新奖品消耗库存 strategyId:100006 awardId:104
26-04-06.15:34:59.227 [http-nio-8091-exec-16] INFO  EventPublisher         - 发送MQ消息 topic:send_award message:{"data":{"awardId":104,"awardTitle":"小米台灯","userId":"mlei3"},"id":"09078746880","timestamp":1775460899024}
26-04-06.15:34:59.249 [org.springframework.amqp.rabbit.RabbitListenerEndpointContainer#3-1] INFO  SendAwardCustomer      - 监听用户奖品发送消息 topic: send_award message: {"data":{"awardId":104,"awardTitle":"小米台灯","userId":"mlei3"},"id":"09078746880","timestamp":1775460899024}
26-04-06.15:35:00.152 [scheduling-1    ] INFO  ThreadPoolDataReportJob - 动态线程池，上报线程池信息：[{"activeCount":0,"appName":"big-market-app","corePoolSize":20,"maximumPoolSize":50,"poolSize":0,"queueSize":0,"queueType":"LinkedBlockingQueue","remainingCapacity":5000,"threadPoolName":"threadPoolExecutor"}]
26-04-06.15:35:00.174 [scheduling-1    ] INFO  ThreadPoolDataReportJob - 动态线程池，上报线程池配置：{"activeCount":0,"appName":"big-market-app","corePoolSize":20,"maximumPoolSize":50,"poolSize":0,"queueSize":0,"queueType":"LinkedBlockingQueue","remainingCapacity":5000,"threadPoolName":"threadPoolExecutor"}
26-04-06.15:35:20.054 [scheduling-1    ] INFO  ThreadPoolDataReportJob - 动态线程池，上报线程池信息：[{"activeCount":0,"appName":"big-market-app","corePoolSize":20,"maximumPoolSize":50,"poolSize":0,"queueSize":0,"queueType":"LinkedBlockingQueue","remainingCapacity":5000,"threadPoolName":"threadPoolExecutor"}]
26-04-06.15:35:20.075 [scheduling-1    ] INFO  ThreadPoolDataReportJob - 动态线程池，上报线程池配置：{"activeCount":0,"appName":"big-market-app","corePoolSize":20,"maximumPoolSize":50,"poolSize":0,"queueSize":0,"queueType":"LinkedBlockingQueue","remainingCapacity":5000,"threadPoolName":"threadPoolExecutor"}
26-04-06.15:35:20.116 [http-nio-8091-exec-17] INFO  RaffleActivityController - 活动抽奖 userId:mlei3 activityId:100301
26-04-06.15:35:20.211 [http-nio-8091-exec-17] ERROR RaffleActivityController - 活动抽奖失败 userId:mlei3 activityId:100301
com.xjtu.types.exception.AppException: null
	at com.xjtu.domain.activity.service.partake.RaffleActivityPartakeService.doFilterAccount(RaffleActivityPartakeService.java:53)
	at com.xjtu.domain.activity.service.partake.AbstractRaffleActivityPartake.createOrder(AbstractRaffleActivityPartake.java:58)
	at com.xjtu.domain.activity.service.partake.AbstractRaffleActivityPartake.createOrder(AbstractRaffleActivityPartake.java:71)
	at com.xjtu.trigger.http.RaffleActivityController.draw(RaffleActivityController.java:136)
	at java.base/jdk.internal.reflect.NativeMethodAccessorImpl.invoke0(Native Method)
	at java.base/jdk.internal.reflect.NativeMethodAccessorImpl.invoke(NativeMethodAccessorImpl.java:77)
	at java.base/jdk.internal.reflect.DelegatingMethodAccessorImpl.invoke(DelegatingMethodAccessorImpl.java:43)
	at java.base/java.lang.reflect.Method.invoke(Method.java:568)
	at org.springframework.web.method.support.InvocableHandlerMethod.doInvoke(InvocableHandlerMethod.java:205)
	at org.springframework.web.method.support.InvocableHandlerMethod.invokeForRequest(InvocableHandlerMethod.java:150)
	at org.springframework.web.servlet.mvc.method.annotation.ServletInvocableHandlerMethod.invokeAndHandle(ServletInvocableHandlerMethod.java:117)
	at org.springframework.web.servlet.mvc.method.annotation.RequestMappingHandlerAdapter.invokeHandlerMethod(RequestMappingHandlerAdapter.java:895)
	at org.springframework.web.servlet.mvc.method.annotation.RequestMappingHandlerAdapter.handleInternal(RequestMappingHandlerAdapter.java:808)
	at org.springframework.web.servlet.mvc.method.AbstractHandlerMethodAdapter.handle(AbstractHandlerMethodAdapter.java:87)
	at org.springframework.web.servlet.DispatcherServlet.doDispatch(DispatcherServlet.java:1072)
	at org.springframework.web.servlet.DispatcherServlet.doService(DispatcherServlet.java:965)
	at org.springframework.web.servlet.FrameworkServlet.processRequest(FrameworkServlet.java:1006)
	at org.springframework.web.servlet.FrameworkServlet.doPost(FrameworkServlet.java:909)
	at javax.servlet.http.HttpServlet.service(HttpServlet.java:555)
	at org.springframework.web.servlet.FrameworkServlet.service(FrameworkServlet.java:883)
	at javax.servlet.http.HttpServlet.service(HttpServlet.java:623)
	at org.apache.catalina.core.ApplicationFilterChain.internalDoFilter(ApplicationFilterChain.java:209)
	at org.apache.catalina.core.ApplicationFilterChain.doFilter(ApplicationFilterChain.java:153)
	at org.apache.tomcat.websocket.server.WsFilter.doFilter(WsFilter.java:51)
	at org.apache.catalina.core.ApplicationFilterChain.internalDoFilter(ApplicationFilterChain.java:178)
	at org.apache.catalina.core.ApplicationFilterChain.doFilter(ApplicationFilterChain.java:153)
	at org.springframework.web.filter.RequestContextFilter.doFilterInternal(RequestContextFilter.java:100)
	at org.springframework.web.filter.OncePerRequestFilter.doFilter(OncePerRequestFilter.java:117)
	at org.apache.catalina.core.ApplicationFilterChain.internalDoFilter(ApplicationFilterChain.java:178)
	at org.apache.catalina.core.ApplicationFilterChain.doFilter(ApplicationFilterChain.java:153)
	at org.springframework.web.filter.FormContentFilter.doFilterInternal(FormContentFilter.java:93)
	at org.springframework.web.filter.OncePerRequestFilter.doFilter(OncePerRequestFilter.java:117)
	at org.apache.catalina.core.ApplicationFilterChain.internalDoFilter(ApplicationFilterChain.java:178)
	at org.apache.catalina.core.ApplicationFilterChain.doFilter(ApplicationFilterChain.java:153)
	at org.springframework.boot.actuate.metrics.web.servlet.WebMvcMetricsFilter.doFilterInternal(WebMvcMetricsFilter.java:96)
	at org.springframework.web.filter.OncePerRequestFilter.doFilter(OncePerRequestFilter.java:117)
	at org.apache.catalina.core.ApplicationFilterChain.internalDoFilter(ApplicationFilterChain.java:178)
	at org.apache.catalina.core.ApplicationFilterChain.doFilter(ApplicationFilterChain.java:153)
	at org.springframework.web.filter.CharacterEncodingFilter.doFilterInternal(CharacterEncodingFilter.java:201)
	at org.springframework.web.filter.OncePerRequestFilter.doFilter(OncePerRequestFilter.java:117)
	at org.apache.catalina.core.ApplicationFilterChain.internalDoFilter(ApplicationFilterChain.java:178)
	at org.apache.catalina.core.ApplicationFilterChain.doFilter(ApplicationFilterChain.java:153)
	at org.apache.catalina.core.StandardWrapperValve.invoke(StandardWrapperValve.java:167)
	at org.apache.catalina.core.StandardContextValve.invoke(StandardContextValve.java:90)
	at org.apache.catalina.authenticator.AuthenticatorBase.invoke(AuthenticatorBase.java:481)
	at org.apache.catalina.core.StandardHostValve.invoke(StandardHostValve.java:130)
	at org.apache.catalina.valves.ErrorReportValve.invoke(ErrorReportValve.java:93)
	at org.apache.catalina.core.StandardEngineValve.invoke(StandardEngineValve.java:74)
	at org.apache.catalina.connector.CoyoteAdapter.service(CoyoteAdapter.java:343)
	at org.apache.coyote.http11.Http11Processor.service(Http11Processor.java:390)
	at org.apache.coyote.AbstractProcessorLight.process(AbstractProcessorLight.java:63)
	at org.apache.coyote.AbstractProtocol$ConnectionHandler.process(AbstractProtocol.java:926)
	at org.apache.tomcat.util.net.NioEndpoint$SocketProcessor.doRun(NioEndpoint.java:1791)
	at org.apache.tomcat.util.net.SocketProcessorBase.run(SocketProcessorBase.java:52)
	at org.apache.tomcat.util.threads.ThreadPoolExecutor.runWorker(ThreadPoolExecutor.java:1191)
	at org.apache.tomcat.util.threads.ThreadPoolExecutor$Worker.run(ThreadPoolExecutor.java:659)
	at org.apache.tomcat.util.threads.TaskThread$WrappingRunnable.run(TaskThread.java:61)
	at java.base/java.lang.Thread.run(Thread.java:842)
26-04-06.15:35:40.187 [scheduling-1    ] INFO  ThreadPoolDataReportJob - 动态线程池，上报线程池信息：[{"activeCount":0,"appName":"big-market-app","corePoolSize":20,"maximumPoolSize":50,"poolSize":0,"queueSize":0,"queueType":"LinkedBlockingQueue","remainingCapacity":5000,"threadPoolName":"threadPoolExecutor"}]
26-04-06.15:35:40.210 [scheduling-1    ] INFO  ThreadPoolDataReportJob - 动态线程池，上报线程池配置：{"activeCount":0,"appName":"big-market-app","corePoolSize":20,"maximumPoolSize":50,"poolSize":0,"queueSize":0,"queueType":"LinkedBlockingQueue","remainingCapacity":5000,"threadPoolName":"threadPoolExecutor"}
26-04-06.15:36:00.111 [scheduling-1    ] INFO  ThreadPoolDataReportJob - 动态线程池，上报线程池信息：[{"activeCount":0,"appName":"big-market-app","corePoolSize":20,"maximumPoolSize":50,"poolSize":0,"queueSize":0,"queueType":"LinkedBlockingQueue","remainingCapacity":5000,"threadPoolName":"threadPoolExecutor"}]
26-04-06.15:36:00.133 [scheduling-1    ] INFO  ThreadPoolDataReportJob - 动态线程池，上报线程池配置：{"activeCount":0,"appName":"big-market-app","corePoolSize":20,"maximumPoolSize":50,"poolSize":0,"queueSize":0,"queueType":"LinkedBlockingQueue","remainingCapacity":5000,"threadPoolName":"threadPoolExecutor"}
26-04-06.15:36:20.122 [scheduling-1    ] INFO  ThreadPoolDataReportJob - 动态线程池，上报线程池信息：[{"activeCount":0,"appName":"big-market-app","corePoolSize":20,"maximumPoolSize":50,"poolSize":0,"queueSize":0,"queueType":"LinkedBlockingQueue","remainingCapacity":5000,"threadPoolName":"threadPoolExecutor"}]
26-04-06.15:36:20.144 [scheduling-1    ] INFO  ThreadPoolDataReportJob - 动态线程池，上报线程池配置：{"activeCount":0,"appName":"big-market-app","corePoolSize":20,"maximumPoolSize":50,"poolSize":0,"queueSize":0,"queueType":"LinkedBlockingQueue","remainingCapacity":5000,"threadPoolName":"threadPoolExecutor"}
26-04-06.15:36:40.096 [scheduling-1    ] INFO  ThreadPoolDataReportJob - 动态线程池，上报线程池信息：[{"activeCount":0,"appName":"big-market-app","corePoolSize":20,"maximumPoolSize":50,"poolSize":0,"queueSize":0,"queueType":"LinkedBlockingQueue","remainingCapacity":5000,"threadPoolName":"threadPoolExecutor"}]
26-04-06.15:36:40.119 [scheduling-1    ] INFO  ThreadPoolDataReportJob - 动态线程池，上报线程池配置：{"activeCount":0,"appName":"big-market-app","corePoolSize":20,"maximumPoolSize":50,"poolSize":0,"queueSize":0,"queueType":"LinkedBlockingQueue","remainingCapacity":5000,"threadPoolName":"threadPoolExecutor"}
26-04-06.15:37:00.067 [scheduling-1    ] INFO  ThreadPoolDataReportJob - 动态线程池，上报线程池信息：[{"activeCount":0,"appName":"big-market-app","corePoolSize":20,"maximumPoolSize":50,"poolSize":0,"queueSize":0,"queueType":"LinkedBlockingQueue","remainingCapacity":5000,"threadPoolName":"threadPoolExecutor"}]
26-04-06.15:37:00.089 [scheduling-1    ] INFO  ThreadPoolDataReportJob - 动态线程池，上报线程池配置：{"activeCount":0,"appName":"big-market-app","corePoolSize":20,"maximumPoolSize":50,"poolSize":0,"queueSize":0,"queueType":"LinkedBlockingQueue","remainingCapacity":5000,"threadPoolName":"threadPoolExecutor"}
26-04-06.15:37:20.046 [scheduling-1    ] INFO  ThreadPoolDataReportJob - 动态线程池，上报线程池信息：[{"activeCount":0,"appName":"big-market-app","corePoolSize":20,"maximumPoolSize":50,"poolSize":0,"queueSize":0,"queueType":"LinkedBlockingQueue","remainingCapacity":5000,"threadPoolName":"threadPoolExecutor"}]
26-04-06.15:37:20.069 [scheduling-1    ] INFO  ThreadPoolDataReportJob - 动态线程池，上报线程池配置：{"activeCount":0,"appName":"big-market-app","corePoolSize":20,"maximumPoolSize":50,"poolSize":0,"queueSize":0,"queueType":"LinkedBlockingQueue","remainingCapacity":5000,"threadPoolName":"threadPoolExecutor"}
26-04-06.15:37:40.098 [scheduling-1    ] INFO  ThreadPoolDataReportJob - 动态线程池，上报线程池信息：[{"activeCount":0,"appName":"big-market-app","corePoolSize":20,"maximumPoolSize":50,"poolSize":0,"queueSize":0,"queueType":"LinkedBlockingQueue","remainingCapacity":5000,"threadPoolName":"threadPoolExecutor"}]
26-04-06.15:37:40.120 [scheduling-1    ] INFO  ThreadPoolDataReportJob - 动态线程池，上报线程池配置：{"activeCount":0,"appName":"big-market-app","corePoolSize":20,"maximumPoolSize":50,"poolSize":0,"queueSize":0,"queueType":"LinkedBlockingQueue","remainingCapacity":5000,"threadPoolName":"threadPoolExecutor"}
26-04-06.15:38:00.067 [scheduling-1    ] INFO  ThreadPoolDataReportJob - 动态线程池，上报线程池信息：[{"activeCount":0,"appName":"big-market-app","corePoolSize":20,"maximumPoolSize":50,"poolSize":0,"queueSize":0,"queueType":"LinkedBlockingQueue","remainingCapacity":5000,"threadPoolName":"threadPoolExecutor"}]
26-04-06.15:38:00.089 [scheduling-1    ] INFO  ThreadPoolDataReportJob - 动态线程池，上报线程池配置：{"activeCount":0,"appName":"big-market-app","corePoolSize":20,"maximumPoolSize":50,"poolSize":0,"queueSize":0,"queueType":"LinkedBlockingQueue","remainingCapacity":5000,"threadPoolName":"threadPoolExecutor"}
26-04-06.15:38:20.178 [scheduling-1    ] INFO  ThreadPoolDataReportJob - 动态线程池，上报线程池信息：[{"activeCount":0,"appName":"big-market-app","corePoolSize":20,"maximumPoolSize":50,"poolSize":0,"queueSize":0,"queueType":"LinkedBlockingQueue","remainingCapacity":5000,"threadPoolName":"threadPoolExecutor"}]
26-04-06.15:38:20.199 [scheduling-1    ] INFO  ThreadPoolDataReportJob - 动态线程池，上报线程池配置：{"activeCount":0,"appName":"big-market-app","corePoolSize":20,"maximumPoolSize":50,"poolSize":0,"queueSize":0,"queueType":"LinkedBlockingQueue","remainingCapacity":5000,"threadPoolName":"threadPoolExecutor"}
26-04-06.15:38:40.123 [scheduling-1    ] INFO  ThreadPoolDataReportJob - 动态线程池，上报线程池信息：[{"activeCount":0,"appName":"big-market-app","corePoolSize":20,"maximumPoolSize":50,"poolSize":0,"queueSize":0,"queueType":"LinkedBlockingQueue","remainingCapacity":5000,"threadPoolName":"threadPoolExecutor"}]
26-04-06.15:38:40.144 [scheduling-1    ] INFO  ThreadPoolDataReportJob - 动态线程池，上报线程池配置：{"activeCount":0,"appName":"big-market-app","corePoolSize":20,"maximumPoolSize":50,"poolSize":0,"queueSize":0,"queueType":"LinkedBlockingQueue","remainingCapacity":5000,"threadPoolName":"threadPoolExecutor"}
26-04-06.15:39:00.073 [scheduling-1    ] INFO  ThreadPoolDataReportJob - 动态线程池，上报线程池信息：[{"activeCount":0,"appName":"big-market-app","corePoolSize":20,"maximumPoolSize":50,"poolSize":0,"queueSize":0,"queueType":"LinkedBlockingQueue","remainingCapacity":5000,"threadPoolName":"threadPoolExecutor"}]
26-04-06.15:39:00.095 [scheduling-1    ] INFO  ThreadPoolDataReportJob - 动态线程池，上报线程池配置：{"activeCount":0,"appName":"big-market-app","corePoolSize":20,"maximumPoolSize":50,"poolSize":0,"queueSize":0,"queueType":"LinkedBlockingQueue","remainingCapacity":5000,"threadPoolName":"threadPoolExecutor"}
26-04-06.15:39:20.073 [scheduling-1    ] INFO  ThreadPoolDataReportJob - 动态线程池，上报线程池信息：[{"activeCount":0,"appName":"big-market-app","corePoolSize":20,"maximumPoolSize":50,"poolSize":0,"queueSize":0,"queueType":"LinkedBlockingQueue","remainingCapacity":5000,"threadPoolName":"threadPoolExecutor"}]
26-04-06.15:39:20.095 [scheduling-1    ] INFO  ThreadPoolDataReportJob - 动态线程池，上报线程池配置：{"activeCount":0,"appName":"big-market-app","corePoolSize":20,"maximumPoolSize":50,"poolSize":0,"queueSize":0,"queueType":"LinkedBlockingQueue","remainingCapacity":5000,"threadPoolName":"threadPoolExecutor"}
26-04-06.15:39:40.074 [scheduling-1    ] INFO  ThreadPoolDataReportJob - 动态线程池，上报线程池信息：[{"activeCount":0,"appName":"big-market-app","corePoolSize":20,"maximumPoolSize":50,"poolSize":0,"queueSize":0,"queueType":"LinkedBlockingQueue","remainingCapacity":5000,"threadPoolName":"threadPoolExecutor"}]
26-04-06.15:39:40.095 [scheduling-1    ] INFO  ThreadPoolDataReportJob - 动态线程池，上报线程池配置：{"activeCount":0,"appName":"big-market-app","corePoolSize":20,"maximumPoolSize":50,"poolSize":0,"queueSize":0,"queueType":"LinkedBlockingQueue","remainingCapacity":5000,"threadPoolName":"threadPoolExecutor"}
26-04-06.15:40:00.097 [scheduling-1    ] INFO  ThreadPoolDataReportJob - 动态线程池，上报线程池信息：[{"activeCount":0,"appName":"big-market-app","corePoolSize":20,"maximumPoolSize":50,"poolSize":0,"queueSize":0,"queueType":"LinkedBlockingQueue","remainingCapacity":5000,"threadPoolName":"threadPoolExecutor"}]
26-04-06.15:40:00.119 [scheduling-1    ] INFO  ThreadPoolDataReportJob - 动态线程池，上报线程池配置：{"activeCount":0,"appName":"big-market-app","corePoolSize":20,"maximumPoolSize":50,"poolSize":0,"queueSize":0,"queueType":"LinkedBlockingQueue","remainingCapacity":5000,"threadPoolName":"threadPoolExecutor"}
26-04-06.15:40:20.187 [scheduling-1    ] INFO  ThreadPoolDataReportJob - 动态线程池，上报线程池信息：[{"activeCount":0,"appName":"big-market-app","corePoolSize":20,"maximumPoolSize":50,"poolSize":0,"queueSize":0,"queueType":"LinkedBlockingQueue","remainingCapacity":5000,"threadPoolName":"threadPoolExecutor"}]
26-04-06.15:40:20.207 [scheduling-1    ] INFO  ThreadPoolDataReportJob - 动态线程池，上报线程池配置：{"activeCount":0,"appName":"big-market-app","corePoolSize":20,"maximumPoolSize":50,"poolSize":0,"queueSize":0,"queueType":"LinkedBlockingQueue","remainingCapacity":5000,"threadPoolName":"threadPoolExecutor"}
26-04-06.15:40:40.157 [scheduling-1    ] INFO  ThreadPoolDataReportJob - 动态线程池，上报线程池信息：[{"activeCount":0,"appName":"big-market-app","corePoolSize":20,"maximumPoolSize":50,"poolSize":0,"queueSize":0,"queueType":"LinkedBlockingQueue","remainingCapacity":5000,"threadPoolName":"threadPoolExecutor"}]
26-04-06.15:40:40.178 [scheduling-1    ] INFO  ThreadPoolDataReportJob - 动态线程池，上报线程池配置：{"activeCount":0,"appName":"big-market-app","corePoolSize":20,"maximumPoolSize":50,"poolSize":0,"queueSize":0,"queueType":"LinkedBlockingQueue","remainingCapacity":5000,"threadPoolName":"threadPoolExecutor"}
26-04-06.15:41:00.056 [scheduling-1    ] INFO  ThreadPoolDataReportJob - 动态线程池，上报线程池信息：[{"activeCount":0,"appName":"big-market-app","corePoolSize":20,"maximumPoolSize":50,"poolSize":0,"queueSize":0,"queueType":"LinkedBlockingQueue","remainingCapacity":5000,"threadPoolName":"threadPoolExecutor"}]
26-04-06.15:41:00.077 [scheduling-1    ] INFO  ThreadPoolDataReportJob - 动态线程池，上报线程池配置：{"activeCount":0,"appName":"big-market-app","corePoolSize":20,"maximumPoolSize":50,"poolSize":0,"queueSize":0,"queueType":"LinkedBlockingQueue","remainingCapacity":5000,"threadPoolName":"threadPoolExecutor"}
26-04-06.15:41:20.068 [scheduling-1    ] INFO  ThreadPoolDataReportJob - 动态线程池，上报线程池信息：[{"activeCount":0,"appName":"big-market-app","corePoolSize":20,"maximumPoolSize":50,"poolSize":0,"queueSize":0,"queueType":"LinkedBlockingQueue","remainingCapacity":5000,"threadPoolName":"threadPoolExecutor"}]
26-04-06.15:41:20.090 [scheduling-1    ] INFO  ThreadPoolDataReportJob - 动态线程池，上报线程池配置：{"activeCount":0,"appName":"big-market-app","corePoolSize":20,"maximumPoolSize":50,"poolSize":0,"queueSize":0,"queueType":"LinkedBlockingQueue","remainingCapacity":5000,"threadPoolName":"threadPoolExecutor"}
26-04-06.15:41:40.043 [scheduling-1    ] INFO  ThreadPoolDataReportJob - 动态线程池，上报线程池信息：[{"activeCount":0,"appName":"big-market-app","corePoolSize":20,"maximumPoolSize":50,"poolSize":0,"queueSize":0,"queueType":"LinkedBlockingQueue","remainingCapacity":5000,"threadPoolName":"threadPoolExecutor"}]
26-04-06.15:41:40.067 [scheduling-1    ] INFO  ThreadPoolDataReportJob - 动态线程池，上报线程池配置：{"activeCount":0,"appName":"big-market-app","corePoolSize":20,"maximumPoolSize":50,"poolSize":0,"queueSize":0,"queueType":"LinkedBlockingQueue","remainingCapacity":5000,"threadPoolName":"threadPoolExecutor"}
26-04-06.15:42:00.107 [scheduling-1    ] INFO  ThreadPoolDataReportJob - 动态线程池，上报线程池信息：[{"activeCount":0,"appName":"big-market-app","corePoolSize":20,"maximumPoolSize":50,"poolSize":0,"queueSize":0,"queueType":"LinkedBlockingQueue","remainingCapacity":5000,"threadPoolName":"threadPoolExecutor"}]
26-04-06.15:42:00.128 [scheduling-1    ] INFO  ThreadPoolDataReportJob - 动态线程池，上报线程池配置：{"activeCount":0,"appName":"big-market-app","corePoolSize":20,"maximumPoolSize":50,"poolSize":0,"queueSize":0,"queueType":"LinkedBlockingQueue","remainingCapacity":5000,"threadPoolName":"threadPoolExecutor"}
26-04-06.15:42:20.093 [scheduling-1    ] INFO  ThreadPoolDataReportJob - 动态线程池，上报线程池信息：[{"activeCount":0,"appName":"big-market-app","corePoolSize":20,"maximumPoolSize":50,"poolSize":0,"queueSize":0,"queueType":"LinkedBlockingQueue","remainingCapacity":5000,"threadPoolName":"threadPoolExecutor"}]
26-04-06.15:42:20.115 [scheduling-1    ] INFO  ThreadPoolDataReportJob - 动态线程池，上报线程池配置：{"activeCount":0,"appName":"big-market-app","corePoolSize":20,"maximumPoolSize":50,"poolSize":0,"queueSize":0,"queueType":"LinkedBlockingQueue","remainingCapacity":5000,"threadPoolName":"threadPoolExecutor"}
26-04-06.15:42:40.125 [scheduling-1    ] INFO  ThreadPoolDataReportJob - 动态线程池，上报线程池信息：[{"activeCount":0,"appName":"big-market-app","corePoolSize":20,"maximumPoolSize":50,"poolSize":0,"queueSize":0,"queueType":"LinkedBlockingQueue","remainingCapacity":5000,"threadPoolName":"threadPoolExecutor"}]
26-04-06.15:42:40.147 [scheduling-1    ] INFO  ThreadPoolDataReportJob - 动态线程池，上报线程池配置：{"activeCount":0,"appName":"big-market-app","corePoolSize":20,"maximumPoolSize":50,"poolSize":0,"queueSize":0,"queueType":"LinkedBlockingQueue","remainingCapacity":5000,"threadPoolName":"threadPoolExecutor"}
26-04-06.15:43:00.131 [scheduling-1    ] INFO  ThreadPoolDataReportJob - 动态线程池，上报线程池信息：[{"activeCount":0,"appName":"big-market-app","corePoolSize":20,"maximumPoolSize":50,"poolSize":0,"queueSize":0,"queueType":"LinkedBlockingQueue","remainingCapacity":5000,"threadPoolName":"threadPoolExecutor"}]
26-04-06.15:43:00.153 [scheduling-1    ] INFO  ThreadPoolDataReportJob - 动态线程池，上报线程池配置：{"activeCount":0,"appName":"big-market-app","corePoolSize":20,"maximumPoolSize":50,"poolSize":0,"queueSize":0,"queueType":"LinkedBlockingQueue","remainingCapacity":5000,"threadPoolName":"threadPoolExecutor"}
26-04-06.15:43:20.157 [scheduling-1    ] INFO  ThreadPoolDataReportJob - 动态线程池，上报线程池信息：[{"activeCount":0,"appName":"big-market-app","corePoolSize":20,"maximumPoolSize":50,"poolSize":0,"queueSize":0,"queueType":"LinkedBlockingQueue","remainingCapacity":5000,"threadPoolName":"threadPoolExecutor"}]
26-04-06.15:43:20.178 [scheduling-1    ] INFO  ThreadPoolDataReportJob - 动态线程池，上报线程池配置：{"activeCount":0,"appName":"big-market-app","corePoolSize":20,"maximumPoolSize":50,"poolSize":0,"queueSize":0,"queueType":"LinkedBlockingQueue","remainingCapacity":5000,"threadPoolName":"threadPoolExecutor"}
26-04-06.15:43:40.191 [scheduling-1    ] INFO  ThreadPoolDataReportJob - 动态线程池，上报线程池信息：[{"activeCount":0,"appName":"big-market-app","corePoolSize":20,"maximumPoolSize":50,"poolSize":0,"queueSize":0,"queueType":"LinkedBlockingQueue","remainingCapacity":5000,"threadPoolName":"threadPoolExecutor"}]
26-04-06.15:43:40.212 [scheduling-1    ] INFO  ThreadPoolDataReportJob - 动态线程池，上报线程池配置：{"activeCount":0,"appName":"big-market-app","corePoolSize":20,"maximumPoolSize":50,"poolSize":0,"queueSize":0,"queueType":"LinkedBlockingQueue","remainingCapacity":5000,"threadPoolName":"threadPoolExecutor"}
26-04-06.15:44:00.173 [scheduling-1    ] INFO  ThreadPoolDataReportJob - 动态线程池，上报线程池信息：[{"activeCount":0,"appName":"big-market-app","corePoolSize":20,"maximumPoolSize":50,"poolSize":0,"queueSize":0,"queueType":"LinkedBlockingQueue","remainingCapacity":5000,"threadPoolName":"threadPoolExecutor"}]
26-04-06.15:44:00.195 [scheduling-1    ] INFO  ThreadPoolDataReportJob - 动态线程池，上报线程池配置：{"activeCount":0,"appName":"big-market-app","corePoolSize":20,"maximumPoolSize":50,"poolSize":0,"queueSize":0,"queueType":"LinkedBlockingQueue","remainingCapacity":5000,"threadPoolName":"threadPoolExecutor"}
26-04-06.15:44:20.163 [scheduling-1    ] INFO  ThreadPoolDataReportJob - 动态线程池，上报线程池信息：[{"activeCount":0,"appName":"big-market-app","corePoolSize":20,"maximumPoolSize":50,"poolSize":0,"queueSize":0,"queueType":"LinkedBlockingQueue","remainingCapacity":5000,"threadPoolName":"threadPoolExecutor"}]
26-04-06.15:44:20.185 [scheduling-1    ] INFO  ThreadPoolDataReportJob - 动态线程池，上报线程池配置：{"activeCount":0,"appName":"big-market-app","corePoolSize":20,"maximumPoolSize":50,"poolSize":0,"queueSize":0,"queueType":"LinkedBlockingQueue","remainingCapacity":5000,"threadPoolName":"threadPoolExecutor"}
26-04-06.15:44:40.194 [scheduling-1    ] INFO  ThreadPoolDataReportJob - 动态线程池，上报线程池信息：[{"activeCount":0,"appName":"big-market-app","corePoolSize":20,"maximumPoolSize":50,"poolSize":0,"queueSize":0,"queueType":"LinkedBlockingQueue","remainingCapacity":5000,"threadPoolName":"threadPoolExecutor"}]
26-04-06.15:44:40.218 [scheduling-1    ] INFO  ThreadPoolDataReportJob - 动态线程池，上报线程池配置：{"activeCount":0,"appName":"big-market-app","corePoolSize":20,"maximumPoolSize":50,"poolSize":0,"queueSize":0,"queueType":"LinkedBlockingQueue","remainingCapacity":5000,"threadPoolName":"threadPoolExecutor"}
26-04-06.15:45:00.055 [scheduling-1    ] INFO  ThreadPoolDataReportJob - 动态线程池，上报线程池信息：[{"activeCount":0,"appName":"big-market-app","corePoolSize":20,"maximumPoolSize":50,"poolSize":0,"queueSize":0,"queueType":"LinkedBlockingQueue","remainingCapacity":5000,"threadPoolName":"threadPoolExecutor"}]
26-04-06.15:45:00.076 [scheduling-1    ] INFO  ThreadPoolDataReportJob - 动态线程池，上报线程池配置：{"activeCount":0,"appName":"big-market-app","corePoolSize":20,"maximumPoolSize":50,"poolSize":0,"queueSize":0,"queueType":"LinkedBlockingQueue","remainingCapacity":5000,"threadPoolName":"threadPoolExecutor"}
26-04-06.15:45:20.050 [scheduling-1    ] INFO  ThreadPoolDataReportJob - 动态线程池，上报线程池信息：[{"activeCount":0,"appName":"big-market-app","corePoolSize":20,"maximumPoolSize":50,"poolSize":0,"queueSize":0,"queueType":"LinkedBlockingQueue","remainingCapacity":5000,"threadPoolName":"threadPoolExecutor"}]
26-04-06.15:45:20.072 [scheduling-1    ] INFO  ThreadPoolDataReportJob - 动态线程池，上报线程池配置：{"activeCount":0,"appName":"big-market-app","corePoolSize":20,"maximumPoolSize":50,"poolSize":0,"queueSize":0,"queueType":"LinkedBlockingQueue","remainingCapacity":5000,"threadPoolName":"threadPoolExecutor"}
26-04-06.15:45:40.108 [scheduling-1    ] INFO  ThreadPoolDataReportJob - 动态线程池，上报线程池信息：[{"activeCount":0,"appName":"big-market-app","corePoolSize":20,"maximumPoolSize":50,"poolSize":0,"queueSize":0,"queueType":"LinkedBlockingQueue","remainingCapacity":5000,"threadPoolName":"threadPoolExecutor"}]
26-04-06.15:45:40.129 [scheduling-1    ] INFO  ThreadPoolDataReportJob - 动态线程池，上报线程池配置：{"activeCount":0,"appName":"big-market-app","corePoolSize":20,"maximumPoolSize":50,"poolSize":0,"queueSize":0,"queueType":"LinkedBlockingQueue","remainingCapacity":5000,"threadPoolName":"threadPoolExecutor"}
26-04-06.15:46:00.090 [scheduling-1    ] INFO  ThreadPoolDataReportJob - 动态线程池，上报线程池信息：[{"activeCount":0,"appName":"big-market-app","corePoolSize":20,"maximumPoolSize":50,"poolSize":0,"queueSize":0,"queueType":"LinkedBlockingQueue","remainingCapacity":5000,"threadPoolName":"threadPoolExecutor"}]
26-04-06.15:46:00.112 [scheduling-1    ] INFO  ThreadPoolDataReportJob - 动态线程池，上报线程池配置：{"activeCount":0,"appName":"big-market-app","corePoolSize":20,"maximumPoolSize":50,"poolSize":0,"queueSize":0,"queueType":"LinkedBlockingQueue","remainingCapacity":5000,"threadPoolName":"threadPoolExecutor"}
26-04-06.15:46:20.091 [scheduling-1    ] INFO  ThreadPoolDataReportJob - 动态线程池，上报线程池信息：[{"activeCount":0,"appName":"big-market-app","corePoolSize":20,"maximumPoolSize":50,"poolSize":0,"queueSize":0,"queueType":"LinkedBlockingQueue","remainingCapacity":5000,"threadPoolName":"threadPoolExecutor"}]
26-04-06.15:46:20.114 [scheduling-1    ] INFO  ThreadPoolDataReportJob - 动态线程池，上报线程池配置：{"activeCount":0,"appName":"big-market-app","corePoolSize":20,"maximumPoolSize":50,"poolSize":0,"queueSize":0,"queueType":"LinkedBlockingQueue","remainingCapacity":5000,"threadPoolName":"threadPoolExecutor"}
26-04-06.15:46:40.049 [scheduling-1    ] INFO  ThreadPoolDataReportJob - 动态线程池，上报线程池信息：[{"activeCount":0,"appName":"big-market-app","corePoolSize":20,"maximumPoolSize":50,"poolSize":0,"queueSize":0,"queueType":"LinkedBlockingQueue","remainingCapacity":5000,"threadPoolName":"threadPoolExecutor"}]
26-04-06.15:46:40.071 [scheduling-1    ] INFO  ThreadPoolDataReportJob - 动态线程池，上报线程池配置：{"activeCount":0,"appName":"big-market-app","corePoolSize":20,"maximumPoolSize":50,"poolSize":0,"queueSize":0,"queueType":"LinkedBlockingQueue","remainingCapacity":5000,"threadPoolName":"threadPoolExecutor"}
26-04-06.15:47:00.140 [scheduling-1    ] INFO  ThreadPoolDataReportJob - 动态线程池，上报线程池信息：[{"activeCount":0,"appName":"big-market-app","corePoolSize":20,"maximumPoolSize":50,"poolSize":0,"queueSize":0,"queueType":"LinkedBlockingQueue","remainingCapacity":5000,"threadPoolName":"threadPoolExecutor"}]
26-04-06.15:47:00.161 [scheduling-1    ] INFO  ThreadPoolDataReportJob - 动态线程池，上报线程池配置：{"activeCount":0,"appName":"big-market-app","corePoolSize":20,"maximumPoolSize":50,"poolSize":0,"queueSize":0,"queueType":"LinkedBlockingQueue","remainingCapacity":5000,"threadPoolName":"threadPoolExecutor"}
26-04-06.15:47:20.158 [scheduling-1    ] INFO  ThreadPoolDataReportJob - 动态线程池，上报线程池信息：[{"activeCount":0,"appName":"big-market-app","corePoolSize":20,"maximumPoolSize":50,"poolSize":0,"queueSize":0,"queueType":"LinkedBlockingQueue","remainingCapacity":5000,"threadPoolName":"threadPoolExecutor"}]
26-04-06.15:47:20.180 [scheduling-1    ] INFO  ThreadPoolDataReportJob - 动态线程池，上报线程池配置：{"activeCount":0,"appName":"big-market-app","corePoolSize":20,"maximumPoolSize":50,"poolSize":0,"queueSize":0,"queueType":"LinkedBlockingQueue","remainingCapacity":5000,"threadPoolName":"threadPoolExecutor"}
26-04-06.15:47:40.120 [scheduling-1    ] INFO  ThreadPoolDataReportJob - 动态线程池，上报线程池信息：[{"activeCount":0,"appName":"big-market-app","corePoolSize":20,"maximumPoolSize":50,"poolSize":0,"queueSize":0,"queueType":"LinkedBlockingQueue","remainingCapacity":5000,"threadPoolName":"threadPoolExecutor"}]
26-04-06.15:47:40.143 [scheduling-1    ] INFO  ThreadPoolDataReportJob - 动态线程池，上报线程池配置：{"activeCount":0,"appName":"big-market-app","corePoolSize":20,"maximumPoolSize":50,"poolSize":0,"queueSize":0,"queueType":"LinkedBlockingQueue","remainingCapacity":5000,"threadPoolName":"threadPoolExecutor"}
26-04-06.15:48:00.055 [scheduling-1    ] INFO  ThreadPoolDataReportJob - 动态线程池，上报线程池信息：[{"activeCount":0,"appName":"big-market-app","corePoolSize":20,"maximumPoolSize":50,"poolSize":0,"queueSize":0,"queueType":"LinkedBlockingQueue","remainingCapacity":5000,"threadPoolName":"threadPoolExecutor"}]
26-04-06.15:48:00.076 [scheduling-1    ] INFO  ThreadPoolDataReportJob - 动态线程池，上报线程池配置：{"activeCount":0,"appName":"big-market-app","corePoolSize":20,"maximumPoolSize":50,"poolSize":0,"queueSize":0,"queueType":"LinkedBlockingQueue","remainingCapacity":5000,"threadPoolName":"threadPoolExecutor"}
26-04-06.15:48:20.078 [scheduling-1    ] INFO  ThreadPoolDataReportJob - 动态线程池，上报线程池信息：[{"activeCount":0,"appName":"big-market-app","corePoolSize":20,"maximumPoolSize":50,"poolSize":0,"queueSize":0,"queueType":"LinkedBlockingQueue","remainingCapacity":5000,"threadPoolName":"threadPoolExecutor"}]
26-04-06.15:48:20.101 [scheduling-1    ] INFO  ThreadPoolDataReportJob - 动态线程池，上报线程池配置：{"activeCount":0,"appName":"big-market-app","corePoolSize":20,"maximumPoolSize":50,"poolSize":0,"queueSize":0,"queueType":"LinkedBlockingQueue","remainingCapacity":5000,"threadPoolName":"threadPoolExecutor"}
26-04-06.15:48:40.092 [scheduling-1    ] INFO  ThreadPoolDataReportJob - 动态线程池，上报线程池信息：[{"activeCount":0,"appName":"big-market-app","corePoolSize":20,"maximumPoolSize":50,"poolSize":0,"queueSize":0,"queueType":"LinkedBlockingQueue","remainingCapacity":5000,"threadPoolName":"threadPoolExecutor"}]
26-04-06.15:48:40.113 [scheduling-1    ] INFO  ThreadPoolDataReportJob - 动态线程池，上报线程池配置：{"activeCount":0,"appName":"big-market-app","corePoolSize":20,"maximumPoolSize":50,"poolSize":0,"queueSize":0,"queueType":"LinkedBlockingQueue","remainingCapacity":5000,"threadPoolName":"threadPoolExecutor"}
26-04-06.15:49:00.045 [scheduling-1    ] INFO  ThreadPoolDataReportJob - 动态线程池，上报线程池信息：[{"activeCount":0,"appName":"big-market-app","corePoolSize":20,"maximumPoolSize":50,"poolSize":0,"queueSize":0,"queueType":"LinkedBlockingQueue","remainingCapacity":5000,"threadPoolName":"threadPoolExecutor"}]
26-04-06.15:49:00.067 [scheduling-1    ] INFO  ThreadPoolDataReportJob - 动态线程池，上报线程池配置：{"activeCount":0,"appName":"big-market-app","corePoolSize":20,"maximumPoolSize":50,"poolSize":0,"queueSize":0,"queueType":"LinkedBlockingQueue","remainingCapacity":5000,"threadPoolName":"threadPoolExecutor"}
26-04-06.15:49:20.131 [scheduling-1    ] INFO  ThreadPoolDataReportJob - 动态线程池，上报线程池信息：[{"activeCount":0,"appName":"big-market-app","corePoolSize":20,"maximumPoolSize":50,"poolSize":0,"queueSize":0,"queueType":"LinkedBlockingQueue","remainingCapacity":5000,"threadPoolName":"threadPoolExecutor"}]
26-04-06.15:49:20.151 [scheduling-1    ] INFO  ThreadPoolDataReportJob - 动态线程池，上报线程池配置：{"activeCount":0,"appName":"big-market-app","corePoolSize":20,"maximumPoolSize":50,"poolSize":0,"queueSize":0,"queueType":"LinkedBlockingQueue","remainingCapacity":5000,"threadPoolName":"threadPoolExecutor"}
26-04-06.15:49:40.165 [scheduling-1    ] INFO  ThreadPoolDataReportJob - 动态线程池，上报线程池信息：[{"activeCount":0,"appName":"big-market-app","corePoolSize":20,"maximumPoolSize":50,"poolSize":0,"queueSize":0,"queueType":"LinkedBlockingQueue","remainingCapacity":5000,"threadPoolName":"threadPoolExecutor"}]
26-04-06.15:49:40.189 [scheduling-1    ] INFO  ThreadPoolDataReportJob - 动态线程池，上报线程池配置：{"activeCount":0,"appName":"big-market-app","corePoolSize":20,"maximumPoolSize":50,"poolSize":0,"queueSize":0,"queueType":"LinkedBlockingQueue","remainingCapacity":5000,"threadPoolName":"threadPoolExecutor"}
26-04-06.15:50:00.048 [scheduling-1    ] INFO  ThreadPoolDataReportJob - 动态线程池，上报线程池信息：[{"activeCount":0,"appName":"big-market-app","corePoolSize":20,"maximumPoolSize":50,"poolSize":0,"queueSize":0,"queueType":"LinkedBlockingQueue","remainingCapacity":5000,"threadPoolName":"threadPoolExecutor"}]
26-04-06.15:50:00.069 [scheduling-1    ] INFO  ThreadPoolDataReportJob - 动态线程池，上报线程池配置：{"activeCount":0,"appName":"big-market-app","corePoolSize":20,"maximumPoolSize":50,"poolSize":0,"queueSize":0,"queueType":"LinkedBlockingQueue","remainingCapacity":5000,"threadPoolName":"threadPoolExecutor"}
26-04-06.15:50:20.189 [scheduling-1    ] INFO  ThreadPoolDataReportJob - 动态线程池，上报线程池信息：[{"activeCount":0,"appName":"big-market-app","corePoolSize":20,"maximumPoolSize":50,"poolSize":0,"queueSize":0,"queueType":"LinkedBlockingQueue","remainingCapacity":5000,"threadPoolName":"threadPoolExecutor"}]
26-04-06.15:50:20.210 [scheduling-1    ] INFO  ThreadPoolDataReportJob - 动态线程池，上报线程池配置：{"activeCount":0,"appName":"big-market-app","corePoolSize":20,"maximumPoolSize":50,"poolSize":0,"queueSize":0,"queueType":"LinkedBlockingQueue","remainingCapacity":5000,"threadPoolName":"threadPoolExecutor"}
26-04-06.15:50:40.080 [scheduling-1    ] INFO  ThreadPoolDataReportJob - 动态线程池，上报线程池信息：[{"activeCount":0,"appName":"big-market-app","corePoolSize":20,"maximumPoolSize":50,"poolSize":0,"queueSize":0,"queueType":"LinkedBlockingQueue","remainingCapacity":5000,"threadPoolName":"threadPoolExecutor"}]
26-04-06.15:50:40.100 [scheduling-1    ] INFO  ThreadPoolDataReportJob - 动态线程池，上报线程池配置：{"activeCount":0,"appName":"big-market-app","corePoolSize":20,"maximumPoolSize":50,"poolSize":0,"queueSize":0,"queueType":"LinkedBlockingQueue","remainingCapacity":5000,"threadPoolName":"threadPoolExecutor"}
26-04-06.15:51:00.187 [scheduling-1    ] INFO  ThreadPoolDataReportJob - 动态线程池，上报线程池信息：[{"activeCount":0,"appName":"big-market-app","corePoolSize":20,"maximumPoolSize":50,"poolSize":0,"queueSize":0,"queueType":"LinkedBlockingQueue","remainingCapacity":5000,"threadPoolName":"threadPoolExecutor"}]
26-04-06.15:51:00.209 [scheduling-1    ] INFO  ThreadPoolDataReportJob - 动态线程池，上报线程池配置：{"activeCount":0,"appName":"big-market-app","corePoolSize":20,"maximumPoolSize":50,"poolSize":0,"queueSize":0,"queueType":"LinkedBlockingQueue","remainingCapacity":5000,"threadPoolName":"threadPoolExecutor"}
26-04-06.15:51:20.090 [scheduling-1    ] INFO  ThreadPoolDataReportJob - 动态线程池，上报线程池信息：[{"activeCount":0,"appName":"big-market-app","corePoolSize":20,"maximumPoolSize":50,"poolSize":0,"queueSize":0,"queueType":"LinkedBlockingQueue","remainingCapacity":5000,"threadPoolName":"threadPoolExecutor"}]
26-04-06.15:51:20.114 [scheduling-1    ] INFO  ThreadPoolDataReportJob - 动态线程池，上报线程池配置：{"activeCount":0,"appName":"big-market-app","corePoolSize":20,"maximumPoolSize":50,"poolSize":0,"queueSize":0,"queueType":"LinkedBlockingQueue","remainingCapacity":5000,"threadPoolName":"threadPoolExecutor"}
26-04-06.15:51:40.086 [scheduling-1    ] INFO  ThreadPoolDataReportJob - 动态线程池，上报线程池信息：[{"activeCount":0,"appName":"big-market-app","corePoolSize":20,"maximumPoolSize":50,"poolSize":0,"queueSize":0,"queueType":"LinkedBlockingQueue","remainingCapacity":5000,"threadPoolName":"threadPoolExecutor"}]
26-04-06.15:51:40.109 [scheduling-1    ] INFO  ThreadPoolDataReportJob - 动态线程池，上报线程池配置：{"activeCount":0,"appName":"big-market-app","corePoolSize":20,"maximumPoolSize":50,"poolSize":0,"queueSize":0,"queueType":"LinkedBlockingQueue","remainingCapacity":5000,"threadPoolName":"threadPoolExecutor"}
26-04-06.15:52:00.046 [scheduling-1    ] INFO  ThreadPoolDataReportJob - 动态线程池，上报线程池信息：[{"activeCount":0,"appName":"big-market-app","corePoolSize":20,"maximumPoolSize":50,"poolSize":0,"queueSize":0,"queueType":"LinkedBlockingQueue","remainingCapacity":5000,"threadPoolName":"threadPoolExecutor"}]
26-04-06.15:52:00.068 [scheduling-1    ] INFO  ThreadPoolDataReportJob - 动态线程池，上报线程池配置：{"activeCount":0,"appName":"big-market-app","corePoolSize":20,"maximumPoolSize":50,"poolSize":0,"queueSize":0,"queueType":"LinkedBlockingQueue","remainingCapacity":5000,"threadPoolName":"threadPoolExecutor"}
26-04-06.15:52:20.070 [scheduling-1    ] INFO  ThreadPoolDataReportJob - 动态线程池，上报线程池信息：[{"activeCount":0,"appName":"big-market-app","corePoolSize":20,"maximumPoolSize":50,"poolSize":0,"queueSize":0,"queueType":"LinkedBlockingQueue","remainingCapacity":5000,"threadPoolName":"threadPoolExecutor"}]
26-04-06.15:52:20.091 [scheduling-1    ] INFO  ThreadPoolDataReportJob - 动态线程池，上报线程池配置：{"activeCount":0,"appName":"big-market-app","corePoolSize":20,"maximumPoolSize":50,"poolSize":0,"queueSize":0,"queueType":"LinkedBlockingQueue","remainingCapacity":5000,"threadPoolName":"threadPoolExecutor"}
26-04-06.15:52:40.089 [scheduling-1    ] INFO  ThreadPoolDataReportJob - 动态线程池，上报线程池信息：[{"activeCount":0,"appName":"big-market-app","corePoolSize":20,"maximumPoolSize":50,"poolSize":0,"queueSize":0,"queueType":"LinkedBlockingQueue","remainingCapacity":5000,"threadPoolName":"threadPoolExecutor"}]
26-04-06.15:52:40.111 [scheduling-1    ] INFO  ThreadPoolDataReportJob - 动态线程池，上报线程池配置：{"activeCount":0,"appName":"big-market-app","corePoolSize":20,"maximumPoolSize":50,"poolSize":0,"queueSize":0,"queueType":"LinkedBlockingQueue","remainingCapacity":5000,"threadPoolName":"threadPoolExecutor"}
26-04-06.15:53:00.090 [scheduling-1    ] INFO  ThreadPoolDataReportJob - 动态线程池，上报线程池信息：[{"activeCount":0,"appName":"big-market-app","corePoolSize":20,"maximumPoolSize":50,"poolSize":0,"queueSize":0,"queueType":"LinkedBlockingQueue","remainingCapacity":5000,"threadPoolName":"threadPoolExecutor"}]
26-04-06.15:53:00.110 [scheduling-1    ] INFO  ThreadPoolDataReportJob - 动态线程池，上报线程池配置：{"activeCount":0,"appName":"big-market-app","corePoolSize":20,"maximumPoolSize":50,"poolSize":0,"queueSize":0,"queueType":"LinkedBlockingQueue","remainingCapacity":5000,"threadPoolName":"threadPoolExecutor"}
26-04-06.15:53:20.187 [scheduling-1    ] INFO  ThreadPoolDataReportJob - 动态线程池，上报线程池信息：[{"activeCount":0,"appName":"big-market-app","corePoolSize":20,"maximumPoolSize":50,"poolSize":0,"queueSize":0,"queueType":"LinkedBlockingQueue","remainingCapacity":5000,"threadPoolName":"threadPoolExecutor"}]
26-04-06.15:53:20.210 [scheduling-1    ] INFO  ThreadPoolDataReportJob - 动态线程池，上报线程池配置：{"activeCount":0,"appName":"big-market-app","corePoolSize":20,"maximumPoolSize":50,"poolSize":0,"queueSize":0,"queueType":"LinkedBlockingQueue","remainingCapacity":5000,"threadPoolName":"threadPoolExecutor"}
26-04-06.15:53:40.200 [scheduling-1    ] INFO  ThreadPoolDataReportJob - 动态线程池，上报线程池信息：[{"activeCount":0,"appName":"big-market-app","corePoolSize":20,"maximumPoolSize":50,"poolSize":0,"queueSize":0,"queueType":"LinkedBlockingQueue","remainingCapacity":5000,"threadPoolName":"threadPoolExecutor"}]
26-04-06.15:53:40.223 [scheduling-1    ] INFO  ThreadPoolDataReportJob - 动态线程池，上报线程池配置：{"activeCount":0,"appName":"big-market-app","corePoolSize":20,"maximumPoolSize":50,"poolSize":0,"queueSize":0,"queueType":"LinkedBlockingQueue","remainingCapacity":5000,"threadPoolName":"threadPoolExecutor"}
26-04-06.15:54:00.054 [scheduling-1    ] INFO  ThreadPoolDataReportJob - 动态线程池，上报线程池信息：[{"activeCount":0,"appName":"big-market-app","corePoolSize":20,"maximumPoolSize":50,"poolSize":0,"queueSize":0,"queueType":"LinkedBlockingQueue","remainingCapacity":5000,"threadPoolName":"threadPoolExecutor"}]
26-04-06.15:54:00.076 [scheduling-1    ] INFO  ThreadPoolDataReportJob - 动态线程池，上报线程池配置：{"activeCount":0,"appName":"big-market-app","corePoolSize":20,"maximumPoolSize":50,"poolSize":0,"queueSize":0,"queueType":"LinkedBlockingQueue","remainingCapacity":5000,"threadPoolName":"threadPoolExecutor"}
26-04-06.15:54:20.134 [scheduling-1    ] INFO  ThreadPoolDataReportJob - 动态线程池，上报线程池信息：[{"activeCount":0,"appName":"big-market-app","corePoolSize":20,"maximumPoolSize":50,"poolSize":0,"queueSize":0,"queueType":"LinkedBlockingQueue","remainingCapacity":5000,"threadPoolName":"threadPoolExecutor"}]
26-04-06.15:54:20.157 [scheduling-1    ] INFO  ThreadPoolDataReportJob - 动态线程池，上报线程池配置：{"activeCount":0,"appName":"big-market-app","corePoolSize":20,"maximumPoolSize":50,"poolSize":0,"queueSize":0,"queueType":"LinkedBlockingQueue","remainingCapacity":5000,"threadPoolName":"threadPoolExecutor"}
26-04-06.15:54:40.138 [scheduling-1    ] INFO  ThreadPoolDataReportJob - 动态线程池，上报线程池信息：[{"activeCount":0,"appName":"big-market-app","corePoolSize":20,"maximumPoolSize":50,"poolSize":0,"queueSize":0,"queueType":"LinkedBlockingQueue","remainingCapacity":5000,"threadPoolName":"threadPoolExecutor"}]
26-04-06.15:54:40.160 [scheduling-1    ] INFO  ThreadPoolDataReportJob - 动态线程池，上报线程池配置：{"activeCount":0,"appName":"big-market-app","corePoolSize":20,"maximumPoolSize":50,"poolSize":0,"queueSize":0,"queueType":"LinkedBlockingQueue","remainingCapacity":5000,"threadPoolName":"threadPoolExecutor"}
26-04-06.15:55:00.074 [scheduling-1    ] INFO  ThreadPoolDataReportJob - 动态线程池，上报线程池信息：[{"activeCount":0,"appName":"big-market-app","corePoolSize":20,"maximumPoolSize":50,"poolSize":0,"queueSize":0,"queueType":"LinkedBlockingQueue","remainingCapacity":5000,"threadPoolName":"threadPoolExecutor"}]
26-04-06.15:55:00.097 [scheduling-1    ] INFO  ThreadPoolDataReportJob - 动态线程池，上报线程池配置：{"activeCount":0,"appName":"big-market-app","corePoolSize":20,"maximumPoolSize":50,"poolSize":0,"queueSize":0,"queueType":"LinkedBlockingQueue","remainingCapacity":5000,"threadPoolName":"threadPoolExecutor"}
26-04-06.15:55:20.088 [scheduling-1    ] INFO  ThreadPoolDataReportJob - 动态线程池，上报线程池信息：[{"activeCount":0,"appName":"big-market-app","corePoolSize":20,"maximumPoolSize":50,"poolSize":0,"queueSize":0,"queueType":"LinkedBlockingQueue","remainingCapacity":5000,"threadPoolName":"threadPoolExecutor"}]
26-04-06.15:55:20.110 [scheduling-1    ] INFO  ThreadPoolDataReportJob - 动态线程池，上报线程池配置：{"activeCount":0,"appName":"big-market-app","corePoolSize":20,"maximumPoolSize":50,"poolSize":0,"queueSize":0,"queueType":"LinkedBlockingQueue","remainingCapacity":5000,"threadPoolName":"threadPoolExecutor"}
26-04-06.15:55:40.073 [scheduling-1    ] INFO  ThreadPoolDataReportJob - 动态线程池，上报线程池信息：[{"activeCount":0,"appName":"big-market-app","corePoolSize":20,"maximumPoolSize":50,"poolSize":0,"queueSize":0,"queueType":"LinkedBlockingQueue","remainingCapacity":5000,"threadPoolName":"threadPoolExecutor"}]
26-04-06.15:55:40.093 [scheduling-1    ] INFO  ThreadPoolDataReportJob - 动态线程池，上报线程池配置：{"activeCount":0,"appName":"big-market-app","corePoolSize":20,"maximumPoolSize":50,"poolSize":0,"queueSize":0,"queueType":"LinkedBlockingQueue","remainingCapacity":5000,"threadPoolName":"threadPoolExecutor"}
26-04-06.15:56:00.132 [scheduling-1    ] INFO  ThreadPoolDataReportJob - 动态线程池，上报线程池信息：[{"activeCount":0,"appName":"big-market-app","corePoolSize":20,"maximumPoolSize":50,"poolSize":0,"queueSize":0,"queueType":"LinkedBlockingQueue","remainingCapacity":5000,"threadPoolName":"threadPoolExecutor"}]
26-04-06.15:56:00.154 [scheduling-1    ] INFO  ThreadPoolDataReportJob - 动态线程池，上报线程池配置：{"activeCount":0,"appName":"big-market-app","corePoolSize":20,"maximumPoolSize":50,"poolSize":0,"queueSize":0,"queueType":"LinkedBlockingQueue","remainingCapacity":5000,"threadPoolName":"threadPoolExecutor"}
26-04-06.15:56:20.096 [scheduling-1    ] INFO  ThreadPoolDataReportJob - 动态线程池，上报线程池信息：[{"activeCount":0,"appName":"big-market-app","corePoolSize":20,"maximumPoolSize":50,"poolSize":0,"queueSize":0,"queueType":"LinkedBlockingQueue","remainingCapacity":5000,"threadPoolName":"threadPoolExecutor"}]
26-04-06.15:56:20.116 [scheduling-1    ] INFO  ThreadPoolDataReportJob - 动态线程池，上报线程池配置：{"activeCount":0,"appName":"big-market-app","corePoolSize":20,"maximumPoolSize":50,"poolSize":0,"queueSize":0,"queueType":"LinkedBlockingQueue","remainingCapacity":5000,"threadPoolName":"threadPoolExecutor"}
26-04-06.15:56:50.045 [scheduling-1    ] WARN  PoolBase               - Retail_HikariCP - Failed to validate connection com.mysql.cj.jdbc.ConnectionImpl@613dd1ee (Communications link failure

The last packet successfully received from the server was 1,769,674 milliseconds ago. The last packet sent successfully to the server was 1,769,695 milliseconds ago.). Possibly consider using a shorter maxLifetime value.
26-04-06.15:57:00.066 [scheduling-1    ] WARN  PoolBase               - Retail_HikariCP - Failed to validate connection com.mysql.cj.jdbc.ConnectionImpl@3d7932ec (Communications link failure

The last packet successfully received from the server was 1,779,479 milliseconds ago. The last packet sent successfully to the server was 1,779,502 milliseconds ago.). Possibly consider using a shorter maxLifetime value.
26-04-06.15:57:10.081 [scheduling-1    ] WARN  PoolBase               - Retail_HikariCP - Failed to validate connection com.mysql.cj.jdbc.ConnectionImpl@743d2686 (Communications link failure

The last packet successfully received from the server was 1,789,257 milliseconds ago. The last packet sent successfully to the server was 1,789,279 milliseconds ago.). Possibly consider using a shorter maxLifetime value.
26-04-06.15:57:10.083 [scheduling-1    ] ERROR SendMessageTaskJob     - 定时任务，扫描MQ任务表发送消息失败。
org.mybatis.spring.MyBatisSystemException: nested exception is org.apache.ibatis.exceptions.PersistenceException: 
### Error querying database.  Cause: org.springframework.jdbc.CannotGetJdbcConnectionException: Failed to obtain JDBC Connection; nested exception is java.sql.SQLTransientConnectionException: Retail_HikariCP - Connection is not available, request timed out after 30077ms.
### The error may exist in file [E:\JavaWeb\big-market\big-market-app\target\classes\mybatis\mapper\task_mapper.xml]
### The error may involve com.xjtu.infrastructure.persistent.dao.ITaskDao.queryNoSendMessageTaskList
### The error occurred while executing a query
### Cause: org.springframework.jdbc.CannotGetJdbcConnectionException: Failed to obtain JDBC Connection; nested exception is java.sql.SQLTransientConnectionException: Retail_HikariCP - Connection is not available, request timed out after 30077ms.
	at org.mybatis.spring.MyBatisExceptionTranslator.translateExceptionIfPossible(MyBatisExceptionTranslator.java:96)
	at org.mybatis.spring.SqlSessionTemplate$SqlSessionInterceptor.invoke(SqlSessionTemplate.java:441)
	at jdk.proxy2/jdk.proxy2.$Proxy106.selectList(Unknown Source)
	at org.mybatis.spring.SqlSessionTemplate.selectList(SqlSessionTemplate.java:224)
	at org.apache.ibatis.binding.MapperMethod.executeForMany(MapperMethod.java:147)
	at org.apache.ibatis.binding.MapperMethod.execute(MapperMethod.java:80)
	at org.apache.ibatis.binding.MapperProxy$PlainMethodInvoker.invoke(MapperProxy.java:152)
	at org.apache.ibatis.binding.MapperProxy.invoke(MapperProxy.java:85)
	at jdk.proxy2/jdk.proxy2.$Proxy134.queryNoSendMessageTaskList(Unknown Source)
	at jdk.internal.reflect.GeneratedMethodAccessor43.invoke(Unknown Source)
	at java.base/jdk.internal.reflect.DelegatingMethodAccessorImpl.invoke(DelegatingMethodAccessorImpl.java:43)
	at java.base/java.lang.reflect.Method.invoke(Method.java:568)
	at org.springframework.aop.support.AopUtils.invokeJoinpointUsingReflection(AopUtils.java:344)
	at org.springframework.aop.framework.ReflectiveMethodInvocation.invokeJoinpoint(ReflectiveMethodInvocation.java:198)
	at org.springframework.aop.framework.ReflectiveMethodInvocation.proceed(ReflectiveMethodInvocation.java:163)
	at org.springframework.aop.interceptor.ExposeInvocationInterceptor.invoke(ExposeInvocationInterceptor.java:97)
	at org.springframework.aop.framework.ReflectiveMethodInvocation.proceed(ReflectiveMethodInvocation.java:186)
	at org.springframework.aop.framework.JdkDynamicAopProxy.invoke(JdkDynamicAopProxy.java:220)
	at jdk.proxy2/jdk.proxy2.$Proxy135.queryNoSendMessageTaskList(Unknown Source)
	at com.xjtu.infrastructure.persistent.repository.TaskRepository.queryNoSendMessageTaskList(TaskRepository.java:32)
	at com.xjtu.infrastructure.persistent.repository.TaskRepository$$FastClassBySpringCGLIB$$c9455119.invoke(<generated>)
	at org.springframework.cglib.proxy.MethodProxy.invoke(MethodProxy.java:218)
	at org.springframework.aop.framework.CglibAopProxy$CglibMethodInvocation.invokeJoinpoint(CglibAopProxy.java:793)
	at org.springframework.aop.framework.ReflectiveMethodInvocation.proceed(ReflectiveMethodInvocation.java:163)
	at org.springframework.aop.framework.CglibAopProxy$CglibMethodInvocation.proceed(CglibAopProxy.java:763)
	at org.springframework.dao.support.PersistenceExceptionTranslationInterceptor.invoke(PersistenceExceptionTranslationInterceptor.java:137)
	at org.springframework.aop.framework.ReflectiveMethodInvocation.proceed(ReflectiveMethodInvocation.java:186)
	at org.springframework.aop.framework.CglibAopProxy$CglibMethodInvocation.proceed(CglibAopProxy.java:763)
	at org.springframework.aop.framework.CglibAopProxy$DynamicAdvisedInterceptor.intercept(CglibAopProxy.java:708)
	at com.xjtu.infrastructure.persistent.repository.TaskRepository$$EnhancerBySpringCGLIB$$863dd03c.queryNoSendMessageTaskList(<generated>)
	at com.xjtu.domain.task.service.TaskService.queryNoSendMessageTaskList(TaskService.java:25)
	at com.xjtu.trigger.job.SendMessageTaskJob.exec_db01(SendMessageTaskJob.java:37)
	at jdk.internal.reflect.GeneratedMethodAccessor48.invoke(Unknown Source)
	at java.base/jdk.internal.reflect.DelegatingMethodAccessorImpl.invoke(DelegatingMethodAccessorImpl.java:43)
	at java.base/java.lang.reflect.Method.invoke(Method.java:568)
	at org.springframework.scheduling.support.ScheduledMethodRunnable.run(ScheduledMethodRunnable.java:84)
	at org.springframework.scheduling.support.DelegatingErrorHandlingRunnable.run(DelegatingErrorHandlingRunnable.java:54)
	at org.springframework.scheduling.concurrent.ReschedulingRunnable.run(ReschedulingRunnable.java:95)
	at java.base/java.util.concurrent.Executors$RunnableAdapter.call(Executors.java:539)
	at java.base/java.util.concurrent.FutureTask.run(FutureTask.java:264)
	at java.base/java.util.concurrent.ScheduledThreadPoolExecutor$ScheduledFutureTask.run(ScheduledThreadPoolExecutor.java:304)
	at java.base/java.util.concurrent.ThreadPoolExecutor.runWorker(ThreadPoolExecutor.java:1136)
	at java.base/java.util.concurrent.ThreadPoolExecutor$Worker.run(ThreadPoolExecutor.java:635)
	at java.base/java.lang.Thread.run(Thread.java:842)
Caused by: org.apache.ibatis.exceptions.PersistenceException: 
### Error querying database.  Cause: org.springframework.jdbc.CannotGetJdbcConnectionException: Failed to obtain JDBC Connection; nested exception is java.sql.SQLTransientConnectionException: Retail_HikariCP - Connection is not available, request timed out after 30077ms.
### The error may exist in file [E:\JavaWeb\big-market\big-market-app\target\classes\mybatis\mapper\task_mapper.xml]
### The error may involve com.xjtu.infrastructure.persistent.dao.ITaskDao.queryNoSendMessageTaskList
### The error occurred while executing a query
### Cause: org.springframework.jdbc.CannotGetJdbcConnectionException: Failed to obtain JDBC Connection; nested exception is java.sql.SQLTransientConnectionException: Retail_HikariCP - Connection is not available, request timed out after 30077ms.
	at org.apache.ibatis.exceptions.ExceptionFactory.wrapException(ExceptionFactory.java:30)
	at org.apache.ibatis.session.defaults.DefaultSqlSession.selectList(DefaultSqlSession.java:149)
	at org.apache.ibatis.session.defaults.DefaultSqlSession.selectList(DefaultSqlSession.java:140)
	at jdk.internal.reflect.GeneratedMethodAccessor44.invoke(Unknown Source)
	at java.base/jdk.internal.reflect.DelegatingMethodAccessorImpl.invoke(DelegatingMethodAccessorImpl.java:43)
	at java.base/java.lang.reflect.Method.invoke(Method.java:568)
	at org.mybatis.spring.SqlSessionTemplate$SqlSessionInterceptor.invoke(SqlSessionTemplate.java:427)
	... 42 common frames omitted
Caused by: org.springframework.jdbc.CannotGetJdbcConnectionException: Failed to obtain JDBC Connection; nested exception is java.sql.SQLTransientConnectionException: Retail_HikariCP - Connection is not available, request timed out after 30077ms.
	at org.springframework.jdbc.datasource.DataSourceUtils.getConnection(DataSourceUtils.java:83)
	at org.mybatis.spring.transaction.SpringManagedTransaction.openConnection(SpringManagedTransaction.java:80)
	at org.mybatis.spring.transaction.SpringManagedTransaction.getConnection(SpringManagedTransaction.java:67)
	at org.apache.ibatis.executor.BaseExecutor.getConnection(BaseExecutor.java:337)
	at org.apache.ibatis.executor.SimpleExecutor.prepareStatement(SimpleExecutor.java:86)
	at org.apache.ibatis.executor.SimpleExecutor.doQuery(SimpleExecutor.java:62)
	at org.apache.ibatis.executor.BaseExecutor.queryFromDatabase(BaseExecutor.java:325)
	at org.apache.ibatis.executor.BaseExecutor.query(BaseExecutor.java:156)
	at org.apache.ibatis.executor.CachingExecutor.query(CachingExecutor.java:109)
	at org.apache.ibatis.executor.CachingExecutor.query(CachingExecutor.java:89)
	at org.apache.ibatis.session.defaults.DefaultSqlSession.selectList(DefaultSqlSession.java:147)
	... 47 common frames omitted
Caused by: java.sql.SQLTransientConnectionException: Retail_HikariCP - Connection is not available, request timed out after 30077ms.
	at com.zaxxer.hikari.pool.HikariPool.createTimeoutException(HikariPool.java:696)
	at com.zaxxer.hikari.pool.HikariPool.getConnection(HikariPool.java:197)
	at com.zaxxer.hikari.pool.HikariPool.getConnection(HikariPool.java:162)
	at com.zaxxer.hikari.HikariDataSource.getConnection(HikariDataSource.java:128)
	at org.springframework.jdbc.datasource.lookup.AbstractRoutingDataSource.getConnection(AbstractRoutingDataSource.java:194)
	at org.springframework.jdbc.datasource.DataSourceUtils.fetchConnection(DataSourceUtils.java:159)
	at org.springframework.jdbc.datasource.DataSourceUtils.doGetConnection(DataSourceUtils.java:117)
	at org.springframework.jdbc.datasource.DataSourceUtils.getConnection(DataSourceUtils.java:80)
	... 57 common frames omitted
Caused by: com.mysql.cj.jdbc.exceptions.CommunicationsException: Communications link failure

The last packet successfully received from the server was 1,789,257 milliseconds ago. The last packet sent successfully to the server was 1,789,279 milliseconds ago.
	at com.mysql.cj.jdbc.exceptions.SQLError.createCommunicationsException(SQLError.java:174)
	at com.mysql.cj.jdbc.exceptions.SQLExceptionsMapping.translateException(SQLExceptionsMapping.java:64)
	at com.mysql.cj.jdbc.StatementImpl.executeInternal(StatementImpl.java:764)
	at com.mysql.cj.jdbc.StatementImpl.execute(StatementImpl.java:648)
	at com.zaxxer.hikari.pool.PoolBase.isConnectionAlive(PoolBase.java:169)
	at com.zaxxer.hikari.pool.HikariPool.getConnection(HikariPool.java:186)
	... 63 common frames omitted
Caused by: com.mysql.cj.exceptions.CJCommunicationsException: Communications link failure

The last packet successfully received from the server was 1,789,257 milliseconds ago. The last packet sent successfully to the server was 1,789,279 milliseconds ago.
	at java.base/jdk.internal.reflect.NativeConstructorAccessorImpl.newInstance0(Native Method)
	at java.base/jdk.internal.reflect.NativeConstructorAccessorImpl.newInstance(NativeConstructorAccessorImpl.java:77)
	at java.base/jdk.internal.reflect.DelegatingConstructorAccessorImpl.newInstance(DelegatingConstructorAccessorImpl.java:45)
	at java.base/java.lang.reflect.Constructor.newInstanceWithCaller(Constructor.java:499)
	at java.base/java.lang.reflect.Constructor.newInstance(Constructor.java:480)
	at com.mysql.cj.exceptions.ExceptionFactory.createException(ExceptionFactory.java:61)
	at com.mysql.cj.exceptions.ExceptionFactory.createException(ExceptionFactory.java:105)
	at com.mysql.cj.exceptions.ExceptionFactory.createException(ExceptionFactory.java:151)
	at com.mysql.cj.exceptions.ExceptionFactory.createCommunicationsException(ExceptionFactory.java:167)
	at com.mysql.cj.protocol.a.NativeProtocol.readMessage(NativeProtocol.java:544)
	at com.mysql.cj.protocol.a.NativeProtocol.checkErrorMessage(NativeProtocol.java:708)
	at com.mysql.cj.protocol.a.NativeProtocol.sendCommand(NativeProtocol.java:647)
	at com.mysql.cj.protocol.a.NativeProtocol.sendQueryPacket(NativeProtocol.java:946)
	at com.mysql.cj.protocol.a.NativeProtocol.sendQueryString(NativeProtocol.java:892)
	at com.mysql.cj.NativeSession.execSQL(NativeSession.java:1073)
	at com.mysql.cj.jdbc.StatementImpl.executeInternal(StatementImpl.java:724)
	... 66 common frames omitted
Caused by: java.net.SocketTimeoutException: Read timed out
	at java.base/sun.nio.ch.NioSocketImpl.timedRead(NioSocketImpl.java:288)
	at java.base/sun.nio.ch.NioSocketImpl.implRead(NioSocketImpl.java:314)
	at java.base/sun.nio.ch.NioSocketImpl.read(NioSocketImpl.java:355)
	at java.base/sun.nio.ch.NioSocketImpl$1.read(NioSocketImpl.java:808)
	at java.base/java.net.Socket$SocketInputStream.read(Socket.java:966)
	at java.base/sun.security.ssl.SSLSocketInputRecord.read(SSLSocketInputRecord.java:484)
	at java.base/sun.security.ssl.SSLSocketInputRecord.readHeader(SSLSocketInputRecord.java:478)
	at java.base/sun.security.ssl.SSLSocketInputRecord.bytesInCompletePacket(SSLSocketInputRecord.java:70)
	at java.base/sun.security.ssl.SSLSocketImpl.readApplicationRecord(SSLSocketImpl.java:1461)
	at java.base/sun.security.ssl.SSLSocketImpl$AppInputStream.read(SSLSocketImpl.java:1065)
	at java.base/java.io.FilterInputStream.read(FilterInputStream.java:132)
	at com.mysql.cj.protocol.FullReadInputStream.readFully(FullReadInputStream.java:64)
	at com.mysql.cj.protocol.a.SimplePacketReader.readHeader(SimplePacketReader.java:63)
	at com.mysql.cj.protocol.a.SimplePacketReader.readHeader(SimplePacketReader.java:45)
	at com.mysql.cj.protocol.a.TimeTrackingPacketReader.readHeader(TimeTrackingPacketReader.java:52)
	at com.mysql.cj.protocol.a.TimeTrackingPacketReader.readHeader(TimeTrackingPacketReader.java:41)
	at com.mysql.cj.protocol.a.MultiPacketReader.readHeader(MultiPacketReader.java:54)
	at com.mysql.cj.protocol.a.MultiPacketReader.readHeader(MultiPacketReader.java:44)
	at com.mysql.cj.protocol.a.NativeProtocol.readMessage(NativeProtocol.java:538)
	... 72 common frames omitted
26-04-06.15:57:10.129 [scheduling-1    ] INFO  ThreadPoolDataReportJob - 动态线程池，上报线程池信息：[{"activeCount":0,"appName":"big-market-app","corePoolSize":20,"maximumPoolSize":50,"poolSize":0,"queueSize":0,"queueType":"LinkedBlockingQueue","remainingCapacity":5000,"threadPoolName":"threadPoolExecutor"}]
26-04-06.15:57:10.151 [scheduling-1    ] INFO  ThreadPoolDataReportJob - 动态线程池，上报线程池配置：{"activeCount":0,"appName":"big-market-app","corePoolSize":20,"maximumPoolSize":50,"poolSize":0,"queueSize":0,"queueType":"LinkedBlockingQueue","remainingCapacity":5000,"threadPoolName":"threadPoolExecutor"}
26-04-06.15:57:20.189 [scheduling-1    ] WARN  PoolBase               - Retail_HikariCP - Failed to validate connection com.mysql.cj.jdbc.ConnectionImpl@3f7d3a45 (Communications link failure

The last packet successfully received from the server was 1,799,575 milliseconds ago. The last packet sent successfully to the server was 1,799,595 milliseconds ago.). Possibly consider using a shorter maxLifetime value.
26-04-06.15:57:30.274 [scheduling-1    ] WARN  PoolBase               - Retail_HikariCP - Failed to validate connection com.mysql.cj.jdbc.ConnectionImpl@7160c9ad (Communications link failure

The last packet successfully received from the server was 1,239,984 milliseconds ago. The last packet sent successfully to the server was 1,240,007 milliseconds ago.). Possibly consider using a shorter maxLifetime value.
26-04-06.15:57:40.283 [scheduling-1    ] WARN  PoolBase               - Retail_HikariCP - Failed to validate connection com.mysql.cj.jdbc.ConnectionImpl@27996ad6 (Communications link failure

The last packet successfully received from the server was 1,219,950 milliseconds ago. The last packet sent successfully to the server was 1,219,970 milliseconds ago.). Possibly consider using a shorter maxLifetime value.
26-04-06.15:57:40.390 [scheduling-1    ] INFO  ThreadPoolDataReportJob - 动态线程池，上报线程池信息：[{"activeCount":0,"appName":"big-market-app","corePoolSize":20,"maximumPoolSize":50,"poolSize":0,"queueSize":0,"queueType":"LinkedBlockingQueue","remainingCapacity":5000,"threadPoolName":"threadPoolExecutor"}]
26-04-06.15:57:40.414 [scheduling-1    ] INFO  ThreadPoolDataReportJob - 动态线程池，上报线程池配置：{"activeCount":0,"appName":"big-market-app","corePoolSize":20,"maximumPoolSize":50,"poolSize":0,"queueSize":0,"queueType":"LinkedBlockingQueue","remainingCapacity":5000,"threadPoolName":"threadPoolExecutor"}
26-04-06.15:58:00.078 [scheduling-1    ] INFO  ThreadPoolDataReportJob - 动态线程池，上报线程池信息：[{"activeCount":0,"appName":"big-market-app","corePoolSize":20,"maximumPoolSize":50,"poolSize":0,"queueSize":0,"queueType":"LinkedBlockingQueue","remainingCapacity":5000,"threadPoolName":"threadPoolExecutor"}]
26-04-06.15:58:00.099 [scheduling-1    ] INFO  ThreadPoolDataReportJob - 动态线程池，上报线程池配置：{"activeCount":0,"appName":"big-market-app","corePoolSize":20,"maximumPoolSize":50,"poolSize":0,"queueSize":0,"queueType":"LinkedBlockingQueue","remainingCapacity":5000,"threadPoolName":"threadPoolExecutor"}
26-04-06.15:58:20.184 [scheduling-1    ] INFO  ThreadPoolDataReportJob - 动态线程池，上报线程池信息：[{"activeCount":0,"appName":"big-market-app","corePoolSize":20,"maximumPoolSize":50,"poolSize":0,"queueSize":0,"queueType":"LinkedBlockingQueue","remainingCapacity":5000,"threadPoolName":"threadPoolExecutor"}]
26-04-06.15:58:20.205 [scheduling-1    ] INFO  ThreadPoolDataReportJob - 动态线程池，上报线程池配置：{"activeCount":0,"appName":"big-market-app","corePoolSize":20,"maximumPoolSize":50,"poolSize":0,"queueSize":0,"queueType":"LinkedBlockingQueue","remainingCapacity":5000,"threadPoolName":"threadPoolExecutor"}
26-04-06.15:58:40.163 [scheduling-1    ] INFO  ThreadPoolDataReportJob - 动态线程池，上报线程池信息：[{"activeCount":0,"appName":"big-market-app","corePoolSize":20,"maximumPoolSize":50,"poolSize":0,"queueSize":0,"queueType":"LinkedBlockingQueue","remainingCapacity":5000,"threadPoolName":"threadPoolExecutor"}]
26-04-06.15:58:40.186 [scheduling-1    ] INFO  ThreadPoolDataReportJob - 动态线程池，上报线程池配置：{"activeCount":0,"appName":"big-market-app","corePoolSize":20,"maximumPoolSize":50,"poolSize":0,"queueSize":0,"queueType":"LinkedBlockingQueue","remainingCapacity":5000,"threadPoolName":"threadPoolExecutor"}
26-04-06.15:59:00.140 [scheduling-1    ] INFO  ThreadPoolDataReportJob - 动态线程池，上报线程池信息：[{"activeCount":0,"appName":"big-market-app","corePoolSize":20,"maximumPoolSize":50,"poolSize":0,"queueSize":0,"queueType":"LinkedBlockingQueue","remainingCapacity":5000,"threadPoolName":"threadPoolExecutor"}]
26-04-06.15:59:00.162 [scheduling-1    ] INFO  ThreadPoolDataReportJob - 动态线程池，上报线程池配置：{"activeCount":0,"appName":"big-market-app","corePoolSize":20,"maximumPoolSize":50,"poolSize":0,"queueSize":0,"queueType":"LinkedBlockingQueue","remainingCapacity":5000,"threadPoolName":"threadPoolExecutor"}
26-04-06.15:59:20.190 [scheduling-1    ] INFO  ThreadPoolDataReportJob - 动态线程池，上报线程池信息：[{"activeCount":0,"appName":"big-market-app","corePoolSize":20,"maximumPoolSize":50,"poolSize":0,"queueSize":0,"queueType":"LinkedBlockingQueue","remainingCapacity":5000,"threadPoolName":"threadPoolExecutor"}]
26-04-06.15:59:20.211 [scheduling-1    ] INFO  ThreadPoolDataReportJob - 动态线程池，上报线程池配置：{"activeCount":0,"appName":"big-market-app","corePoolSize":20,"maximumPoolSize":50,"poolSize":0,"queueSize":0,"queueType":"LinkedBlockingQueue","remainingCapacity":5000,"threadPoolName":"threadPoolExecutor"}
26-04-06.15:59:40.097 [scheduling-1    ] INFO  ThreadPoolDataReportJob - 动态线程池，上报线程池信息：[{"activeCount":0,"appName":"big-market-app","corePoolSize":20,"maximumPoolSize":50,"poolSize":0,"queueSize":0,"queueType":"LinkedBlockingQueue","remainingCapacity":5000,"threadPoolName":"threadPoolExecutor"}]
26-04-06.15:59:40.120 [scheduling-1    ] INFO  ThreadPoolDataReportJob - 动态线程池，上报线程池配置：{"activeCount":0,"appName":"big-market-app","corePoolSize":20,"maximumPoolSize":50,"poolSize":0,"queueSize":0,"queueType":"LinkedBlockingQueue","remainingCapacity":5000,"threadPoolName":"threadPoolExecutor"}
26-04-06.16:00:00.097 [scheduling-1    ] INFO  ThreadPoolDataReportJob - 动态线程池，上报线程池信息：[{"activeCount":0,"appName":"big-market-app","corePoolSize":20,"maximumPoolSize":50,"poolSize":0,"queueSize":0,"queueType":"LinkedBlockingQueue","remainingCapacity":5000,"threadPoolName":"threadPoolExecutor"}]
26-04-06.16:00:00.119 [scheduling-1    ] INFO  ThreadPoolDataReportJob - 动态线程池，上报线程池配置：{"activeCount":0,"appName":"big-market-app","corePoolSize":20,"maximumPoolSize":50,"poolSize":0,"queueSize":0,"queueType":"LinkedBlockingQueue","remainingCapacity":5000,"threadPoolName":"threadPoolExecutor"}
26-04-06.16:00:20.137 [scheduling-1    ] INFO  ThreadPoolDataReportJob - 动态线程池，上报线程池信息：[{"activeCount":0,"appName":"big-market-app","corePoolSize":20,"maximumPoolSize":50,"poolSize":0,"queueSize":0,"queueType":"LinkedBlockingQueue","remainingCapacity":5000,"threadPoolName":"threadPoolExecutor"}]
26-04-06.16:00:20.159 [scheduling-1    ] INFO  ThreadPoolDataReportJob - 动态线程池，上报线程池配置：{"activeCount":0,"appName":"big-market-app","corePoolSize":20,"maximumPoolSize":50,"poolSize":0,"queueSize":0,"queueType":"LinkedBlockingQueue","remainingCapacity":5000,"threadPoolName":"threadPoolExecutor"}
26-04-06.16:00:40.145 [scheduling-1    ] INFO  ThreadPoolDataReportJob - 动态线程池，上报线程池信息：[{"activeCount":0,"appName":"big-market-app","corePoolSize":20,"maximumPoolSize":50,"poolSize":0,"queueSize":0,"queueType":"LinkedBlockingQueue","remainingCapacity":5000,"threadPoolName":"threadPoolExecutor"}]
26-04-06.16:00:40.169 [scheduling-1    ] INFO  ThreadPoolDataReportJob - 动态线程池，上报线程池配置：{"activeCount":0,"appName":"big-market-app","corePoolSize":20,"maximumPoolSize":50,"poolSize":0,"queueSize":0,"queueType":"LinkedBlockingQueue","remainingCapacity":5000,"threadPoolName":"threadPoolExecutor"}
26-04-06.16:01:00.100 [scheduling-1    ] INFO  ThreadPoolDataReportJob - 动态线程池，上报线程池信息：[{"activeCount":0,"appName":"big-market-app","corePoolSize":20,"maximumPoolSize":50,"poolSize":0,"queueSize":0,"queueType":"LinkedBlockingQueue","remainingCapacity":5000,"threadPoolName":"threadPoolExecutor"}]
26-04-06.16:01:00.122 [scheduling-1    ] INFO  ThreadPoolDataReportJob - 动态线程池，上报线程池配置：{"activeCount":0,"appName":"big-market-app","corePoolSize":20,"maximumPoolSize":50,"poolSize":0,"queueSize":0,"queueType":"LinkedBlockingQueue","remainingCapacity":5000,"threadPoolName":"threadPoolExecutor"}
26-04-06.16:01:20.183 [scheduling-1    ] INFO  ThreadPoolDataReportJob - 动态线程池，上报线程池信息：[{"activeCount":0,"appName":"big-market-app","corePoolSize":20,"maximumPoolSize":50,"poolSize":0,"queueSize":0,"queueType":"LinkedBlockingQueue","remainingCapacity":5000,"threadPoolName":"threadPoolExecutor"}]
26-04-06.16:01:20.205 [scheduling-1    ] INFO  ThreadPoolDataReportJob - 动态线程池，上报线程池配置：{"activeCount":0,"appName":"big-market-app","corePoolSize":20,"maximumPoolSize":50,"poolSize":0,"queueSize":0,"queueType":"LinkedBlockingQueue","remainingCapacity":5000,"threadPoolName":"threadPoolExecutor"}
26-04-06.16:01:40.096 [scheduling-1    ] INFO  ThreadPoolDataReportJob - 动态线程池，上报线程池信息：[{"activeCount":0,"appName":"big-market-app","corePoolSize":20,"maximumPoolSize":50,"poolSize":0,"queueSize":0,"queueType":"LinkedBlockingQueue","remainingCapacity":5000,"threadPoolName":"threadPoolExecutor"}]
26-04-06.16:01:40.119 [scheduling-1    ] INFO  ThreadPoolDataReportJob - 动态线程池，上报线程池配置：{"activeCount":0,"appName":"big-market-app","corePoolSize":20,"maximumPoolSize":50,"poolSize":0,"queueSize":0,"queueType":"LinkedBlockingQueue","remainingCapacity":5000,"threadPoolName":"threadPoolExecutor"}
26-04-06.16:02:00.086 [scheduling-1    ] INFO  ThreadPoolDataReportJob - 动态线程池，上报线程池信息：[{"activeCount":0,"appName":"big-market-app","corePoolSize":20,"maximumPoolSize":50,"poolSize":0,"queueSize":0,"queueType":"LinkedBlockingQueue","remainingCapacity":5000,"threadPoolName":"threadPoolExecutor"}]
26-04-06.16:02:00.109 [scheduling-1    ] INFO  ThreadPoolDataReportJob - 动态线程池，上报线程池配置：{"activeCount":0,"appName":"big-market-app","corePoolSize":20,"maximumPoolSize":50,"poolSize":0,"queueSize":0,"queueType":"LinkedBlockingQueue","remainingCapacity":5000,"threadPoolName":"threadPoolExecutor"}
26-04-06.16:02:20.050 [scheduling-1    ] INFO  ThreadPoolDataReportJob - 动态线程池，上报线程池信息：[{"activeCount":0,"appName":"big-market-app","corePoolSize":20,"maximumPoolSize":50,"poolSize":0,"queueSize":0,"queueType":"LinkedBlockingQueue","remainingCapacity":5000,"threadPoolName":"threadPoolExecutor"}]
26-04-06.16:02:20.070 [scheduling-1    ] INFO  ThreadPoolDataReportJob - 动态线程池，上报线程池配置：{"activeCount":0,"appName":"big-market-app","corePoolSize":20,"maximumPoolSize":50,"poolSize":0,"queueSize":0,"queueType":"LinkedBlockingQueue","remainingCapacity":5000,"threadPoolName":"threadPoolExecutor"}
26-04-06.16:02:40.059 [scheduling-1    ] INFO  ThreadPoolDataReportJob - 动态线程池，上报线程池信息：[{"activeCount":0,"appName":"big-market-app","corePoolSize":20,"maximumPoolSize":50,"poolSize":0,"queueSize":0,"queueType":"LinkedBlockingQueue","remainingCapacity":5000,"threadPoolName":"threadPoolExecutor"}]
26-04-06.16:02:40.081 [scheduling-1    ] INFO  ThreadPoolDataReportJob - 动态线程池，上报线程池配置：{"activeCount":0,"appName":"big-market-app","corePoolSize":20,"maximumPoolSize":50,"poolSize":0,"queueSize":0,"queueType":"LinkedBlockingQueue","remainingCapacity":5000,"threadPoolName":"threadPoolExecutor"}
26-04-06.16:03:00.055 [scheduling-1    ] INFO  ThreadPoolDataReportJob - 动态线程池，上报线程池信息：[{"activeCount":0,"appName":"big-market-app","corePoolSize":20,"maximumPoolSize":50,"poolSize":0,"queueSize":0,"queueType":"LinkedBlockingQueue","remainingCapacity":5000,"threadPoolName":"threadPoolExecutor"}]
26-04-06.16:03:00.077 [scheduling-1    ] INFO  ThreadPoolDataReportJob - 动态线程池，上报线程池配置：{"activeCount":0,"appName":"big-market-app","corePoolSize":20,"maximumPoolSize":50,"poolSize":0,"queueSize":0,"queueType":"LinkedBlockingQueue","remainingCapacity":5000,"threadPoolName":"threadPoolExecutor"}
26-04-06.16:03:20.093 [scheduling-1    ] INFO  ThreadPoolDataReportJob - 动态线程池，上报线程池信息：[{"activeCount":0,"appName":"big-market-app","corePoolSize":20,"maximumPoolSize":50,"poolSize":0,"queueSize":0,"queueType":"LinkedBlockingQueue","remainingCapacity":5000,"threadPoolName":"threadPoolExecutor"}]
26-04-06.16:03:20.115 [scheduling-1    ] INFO  ThreadPoolDataReportJob - 动态线程池，上报线程池配置：{"activeCount":0,"appName":"big-market-app","corePoolSize":20,"maximumPoolSize":50,"poolSize":0,"queueSize":0,"queueType":"LinkedBlockingQueue","remainingCapacity":5000,"threadPoolName":"threadPoolExecutor"}
26-04-06.16:03:40.184 [scheduling-1    ] INFO  ThreadPoolDataReportJob - 动态线程池，上报线程池信息：[{"activeCount":0,"appName":"big-market-app","corePoolSize":20,"maximumPoolSize":50,"poolSize":0,"queueSize":0,"queueType":"LinkedBlockingQueue","remainingCapacity":5000,"threadPoolName":"threadPoolExecutor"}]
26-04-06.16:03:40.206 [scheduling-1    ] INFO  ThreadPoolDataReportJob - 动态线程池，上报线程池配置：{"activeCount":0,"appName":"big-market-app","corePoolSize":20,"maximumPoolSize":50,"poolSize":0,"queueSize":0,"queueType":"LinkedBlockingQueue","remainingCapacity":5000,"threadPoolName":"threadPoolExecutor"}
26-04-06.16:04:00.120 [scheduling-1    ] INFO  ThreadPoolDataReportJob - 动态线程池，上报线程池信息：[{"activeCount":0,"appName":"big-market-app","corePoolSize":20,"maximumPoolSize":50,"poolSize":0,"queueSize":0,"queueType":"LinkedBlockingQueue","remainingCapacity":5000,"threadPoolName":"threadPoolExecutor"}]
26-04-06.16:04:00.142 [scheduling-1    ] INFO  ThreadPoolDataReportJob - 动态线程池，上报线程池配置：{"activeCount":0,"appName":"big-market-app","corePoolSize":20,"maximumPoolSize":50,"poolSize":0,"queueSize":0,"queueType":"LinkedBlockingQueue","remainingCapacity":5000,"threadPoolName":"threadPoolExecutor"}
26-04-06.16:04:20.173 [scheduling-1    ] INFO  ThreadPoolDataReportJob - 动态线程池，上报线程池信息：[{"activeCount":0,"appName":"big-market-app","corePoolSize":20,"maximumPoolSize":50,"poolSize":0,"queueSize":0,"queueType":"LinkedBlockingQueue","remainingCapacity":5000,"threadPoolName":"threadPoolExecutor"}]
26-04-06.16:04:20.195 [scheduling-1    ] INFO  ThreadPoolDataReportJob - 动态线程池，上报线程池配置：{"activeCount":0,"appName":"big-market-app","corePoolSize":20,"maximumPoolSize":50,"poolSize":0,"queueSize":0,"queueType":"LinkedBlockingQueue","remainingCapacity":5000,"threadPoolName":"threadPoolExecutor"}
26-04-06.16:04:40.131 [scheduling-1    ] INFO  ThreadPoolDataReportJob - 动态线程池，上报线程池信息：[{"activeCount":0,"appName":"big-market-app","corePoolSize":20,"maximumPoolSize":50,"poolSize":0,"queueSize":0,"queueType":"LinkedBlockingQueue","remainingCapacity":5000,"threadPoolName":"threadPoolExecutor"}]
26-04-06.16:04:40.154 [scheduling-1    ] INFO  ThreadPoolDataReportJob - 动态线程池，上报线程池配置：{"activeCount":0,"appName":"big-market-app","corePoolSize":20,"maximumPoolSize":50,"poolSize":0,"queueSize":0,"queueType":"LinkedBlockingQueue","remainingCapacity":5000,"threadPoolName":"threadPoolExecutor"}
26-04-06.16:05:00.114 [scheduling-1    ] INFO  ThreadPoolDataReportJob - 动态线程池，上报线程池信息：[{"activeCount":0,"appName":"big-market-app","corePoolSize":20,"maximumPoolSize":50,"poolSize":0,"queueSize":0,"queueType":"LinkedBlockingQueue","remainingCapacity":5000,"threadPoolName":"threadPoolExecutor"}]
26-04-06.16:05:00.135 [scheduling-1    ] INFO  ThreadPoolDataReportJob - 动态线程池，上报线程池配置：{"activeCount":0,"appName":"big-market-app","corePoolSize":20,"maximumPoolSize":50,"poolSize":0,"queueSize":0,"queueType":"LinkedBlockingQueue","remainingCapacity":5000,"threadPoolName":"threadPoolExecutor"}
26-04-06.16:05:20.154 [scheduling-1    ] INFO  ThreadPoolDataReportJob - 动态线程池，上报线程池信息：[{"activeCount":0,"appName":"big-market-app","corePoolSize":20,"maximumPoolSize":50,"poolSize":0,"queueSize":0,"queueType":"LinkedBlockingQueue","remainingCapacity":5000,"threadPoolName":"threadPoolExecutor"}]
26-04-06.16:05:20.174 [scheduling-1    ] INFO  ThreadPoolDataReportJob - 动态线程池，上报线程池配置：{"activeCount":0,"appName":"big-market-app","corePoolSize":20,"maximumPoolSize":50,"poolSize":0,"queueSize":0,"queueType":"LinkedBlockingQueue","remainingCapacity":5000,"threadPoolName":"threadPoolExecutor"}
26-04-06.16:05:40.169 [scheduling-1    ] INFO  ThreadPoolDataReportJob - 动态线程池，上报线程池信息：[{"activeCount":0,"appName":"big-market-app","corePoolSize":20,"maximumPoolSize":50,"poolSize":0,"queueSize":0,"queueType":"LinkedBlockingQueue","remainingCapacity":5000,"threadPoolName":"threadPoolExecutor"}]
26-04-06.16:05:40.192 [scheduling-1    ] INFO  ThreadPoolDataReportJob - 动态线程池，上报线程池配置：{"activeCount":0,"appName":"big-market-app","corePoolSize":20,"maximumPoolSize":50,"poolSize":0,"queueSize":0,"queueType":"LinkedBlockingQueue","remainingCapacity":5000,"threadPoolName":"threadPoolExecutor"}
26-04-06.16:06:00.087 [scheduling-1    ] INFO  ThreadPoolDataReportJob - 动态线程池，上报线程池信息：[{"activeCount":0,"appName":"big-market-app","corePoolSize":20,"maximumPoolSize":50,"poolSize":0,"queueSize":0,"queueType":"LinkedBlockingQueue","remainingCapacity":5000,"threadPoolName":"threadPoolExecutor"}]
26-04-06.16:06:00.109 [scheduling-1    ] INFO  ThreadPoolDataReportJob - 动态线程池，上报线程池配置：{"activeCount":0,"appName":"big-market-app","corePoolSize":20,"maximumPoolSize":50,"poolSize":0,"queueSize":0,"queueType":"LinkedBlockingQueue","remainingCapacity":5000,"threadPoolName":"threadPoolExecutor"}
26-04-06.16:06:20.182 [scheduling-1    ] INFO  ThreadPoolDataReportJob - 动态线程池，上报线程池信息：[{"activeCount":0,"appName":"big-market-app","corePoolSize":20,"maximumPoolSize":50,"poolSize":0,"queueSize":0,"queueType":"LinkedBlockingQueue","remainingCapacity":5000,"threadPoolName":"threadPoolExecutor"}]
26-04-06.16:06:20.204 [scheduling-1    ] INFO  ThreadPoolDataReportJob - 动态线程池，上报线程池配置：{"activeCount":0,"appName":"big-market-app","corePoolSize":20,"maximumPoolSize":50,"poolSize":0,"queueSize":0,"queueType":"LinkedBlockingQueue","remainingCapacity":5000,"threadPoolName":"threadPoolExecutor"}
26-04-06.16:06:40.119 [scheduling-1    ] INFO  ThreadPoolDataReportJob - 动态线程池，上报线程池信息：[{"activeCount":0,"appName":"big-market-app","corePoolSize":20,"maximumPoolSize":50,"poolSize":0,"queueSize":0,"queueType":"LinkedBlockingQueue","remainingCapacity":5000,"threadPoolName":"threadPoolExecutor"}]
26-04-06.16:06:40.141 [scheduling-1    ] INFO  ThreadPoolDataReportJob - 动态线程池，上报线程池配置：{"activeCount":0,"appName":"big-market-app","corePoolSize":20,"maximumPoolSize":50,"poolSize":0,"queueSize":0,"queueType":"LinkedBlockingQueue","remainingCapacity":5000,"threadPoolName":"threadPoolExecutor"}
26-04-06.16:07:00.174 [scheduling-1    ] INFO  ThreadPoolDataReportJob - 动态线程池，上报线程池信息：[{"activeCount":0,"appName":"big-market-app","corePoolSize":20,"maximumPoolSize":50,"poolSize":0,"queueSize":0,"queueType":"LinkedBlockingQueue","remainingCapacity":5000,"threadPoolName":"threadPoolExecutor"}]
26-04-06.16:07:00.196 [scheduling-1    ] INFO  ThreadPoolDataReportJob - 动态线程池，上报线程池配置：{"activeCount":0,"appName":"big-market-app","corePoolSize":20,"maximumPoolSize":50,"poolSize":0,"queueSize":0,"queueType":"LinkedBlockingQueue","remainingCapacity":5000,"threadPoolName":"threadPoolExecutor"}
26-04-06.16:07:20.094 [scheduling-1    ] INFO  ThreadPoolDataReportJob - 动态线程池，上报线程池信息：[{"activeCount":0,"appName":"big-market-app","corePoolSize":20,"maximumPoolSize":50,"poolSize":0,"queueSize":0,"queueType":"LinkedBlockingQueue","remainingCapacity":5000,"threadPoolName":"threadPoolExecutor"}]
26-04-06.16:07:20.116 [scheduling-1    ] INFO  ThreadPoolDataReportJob - 动态线程池，上报线程池配置：{"activeCount":0,"appName":"big-market-app","corePoolSize":20,"maximumPoolSize":50,"poolSize":0,"queueSize":0,"queueType":"LinkedBlockingQueue","remainingCapacity":5000,"threadPoolName":"threadPoolExecutor"}
26-04-06.16:07:40.086 [scheduling-1    ] INFO  ThreadPoolDataReportJob - 动态线程池，上报线程池信息：[{"activeCount":0,"appName":"big-market-app","corePoolSize":20,"maximumPoolSize":50,"poolSize":0,"queueSize":0,"queueType":"LinkedBlockingQueue","remainingCapacity":5000,"threadPoolName":"threadPoolExecutor"}]
26-04-06.16:07:40.110 [scheduling-1    ] INFO  ThreadPoolDataReportJob - 动态线程池，上报线程池配置：{"activeCount":0,"appName":"big-market-app","corePoolSize":20,"maximumPoolSize":50,"poolSize":0,"queueSize":0,"queueType":"LinkedBlockingQueue","remainingCapacity":5000,"threadPoolName":"threadPoolExecutor"}
26-04-06.16:08:00.116 [scheduling-1    ] INFO  ThreadPoolDataReportJob - 动态线程池，上报线程池信息：[{"activeCount":0,"appName":"big-market-app","corePoolSize":20,"maximumPoolSize":50,"poolSize":0,"queueSize":0,"queueType":"LinkedBlockingQueue","remainingCapacity":5000,"threadPoolName":"threadPoolExecutor"}]
26-04-06.16:08:00.139 [scheduling-1    ] INFO  ThreadPoolDataReportJob - 动态线程池，上报线程池配置：{"activeCount":0,"appName":"big-market-app","corePoolSize":20,"maximumPoolSize":50,"poolSize":0,"queueSize":0,"queueType":"LinkedBlockingQueue","remainingCapacity":5000,"threadPoolName":"threadPoolExecutor"}
26-04-06.16:08:20.129 [scheduling-1    ] INFO  ThreadPoolDataReportJob - 动态线程池，上报线程池信息：[{"activeCount":0,"appName":"big-market-app","corePoolSize":20,"maximumPoolSize":50,"poolSize":0,"queueSize":0,"queueType":"LinkedBlockingQueue","remainingCapacity":5000,"threadPoolName":"threadPoolExecutor"}]
26-04-06.16:08:20.152 [scheduling-1    ] INFO  ThreadPoolDataReportJob - 动态线程池，上报线程池配置：{"activeCount":0,"appName":"big-market-app","corePoolSize":20,"maximumPoolSize":50,"poolSize":0,"queueSize":0,"queueType":"LinkedBlockingQueue","remainingCapacity":5000,"threadPoolName":"threadPoolExecutor"}
26-04-06.16:08:40.051 [scheduling-1    ] INFO  ThreadPoolDataReportJob - 动态线程池，上报线程池信息：[{"activeCount":0,"appName":"big-market-app","corePoolSize":20,"maximumPoolSize":50,"poolSize":0,"queueSize":0,"queueType":"LinkedBlockingQueue","remainingCapacity":5000,"threadPoolName":"threadPoolExecutor"}]
26-04-06.16:08:40.073 [scheduling-1    ] INFO  ThreadPoolDataReportJob - 动态线程池，上报线程池配置：{"activeCount":0,"appName":"big-market-app","corePoolSize":20,"maximumPoolSize":50,"poolSize":0,"queueSize":0,"queueType":"LinkedBlockingQueue","remainingCapacity":5000,"threadPoolName":"threadPoolExecutor"}
26-04-06.16:09:00.158 [scheduling-1    ] INFO  ThreadPoolDataReportJob - 动态线程池，上报线程池信息：[{"activeCount":0,"appName":"big-market-app","corePoolSize":20,"maximumPoolSize":50,"poolSize":0,"queueSize":0,"queueType":"LinkedBlockingQueue","remainingCapacity":5000,"threadPoolName":"threadPoolExecutor"}]
26-04-06.16:09:00.182 [scheduling-1    ] INFO  ThreadPoolDataReportJob - 动态线程池，上报线程池配置：{"activeCount":0,"appName":"big-market-app","corePoolSize":20,"maximumPoolSize":50,"poolSize":0,"queueSize":0,"queueType":"LinkedBlockingQueue","remainingCapacity":5000,"threadPoolName":"threadPoolExecutor"}
26-04-06.16:09:20.057 [scheduling-1    ] INFO  ThreadPoolDataReportJob - 动态线程池，上报线程池信息：[{"activeCount":0,"appName":"big-market-app","corePoolSize":20,"maximumPoolSize":50,"poolSize":0,"queueSize":0,"queueType":"LinkedBlockingQueue","remainingCapacity":5000,"threadPoolName":"threadPoolExecutor"}]
26-04-06.16:09:20.079 [scheduling-1    ] INFO  ThreadPoolDataReportJob - 动态线程池，上报线程池配置：{"activeCount":0,"appName":"big-market-app","corePoolSize":20,"maximumPoolSize":50,"poolSize":0,"queueSize":0,"queueType":"LinkedBlockingQueue","remainingCapacity":5000,"threadPoolName":"threadPoolExecutor"}
26-04-06.16:09:40.180 [scheduling-1    ] INFO  ThreadPoolDataReportJob - 动态线程池，上报线程池信息：[{"activeCount":0,"appName":"big-market-app","corePoolSize":20,"maximumPoolSize":50,"poolSize":0,"queueSize":0,"queueType":"LinkedBlockingQueue","remainingCapacity":5000,"threadPoolName":"threadPoolExecutor"}]
26-04-06.16:09:40.201 [scheduling-1    ] INFO  ThreadPoolDataReportJob - 动态线程池，上报线程池配置：{"activeCount":0,"appName":"big-market-app","corePoolSize":20,"maximumPoolSize":50,"poolSize":0,"queueSize":0,"queueType":"LinkedBlockingQueue","remainingCapacity":5000,"threadPoolName":"threadPoolExecutor"}
26-04-06.16:10:00.077 [scheduling-1    ] INFO  ThreadPoolDataReportJob - 动态线程池，上报线程池信息：[{"activeCount":0,"appName":"big-market-app","corePoolSize":20,"maximumPoolSize":50,"poolSize":0,"queueSize":0,"queueType":"LinkedBlockingQueue","remainingCapacity":5000,"threadPoolName":"threadPoolExecutor"}]
26-04-06.16:10:00.099 [scheduling-1    ] INFO  ThreadPoolDataReportJob - 动态线程池，上报线程池配置：{"activeCount":0,"appName":"big-market-app","corePoolSize":20,"maximumPoolSize":50,"poolSize":0,"queueSize":0,"queueType":"LinkedBlockingQueue","remainingCapacity":5000,"threadPoolName":"threadPoolExecutor"}
26-04-06.16:10:20.137 [scheduling-1    ] INFO  ThreadPoolDataReportJob - 动态线程池，上报线程池信息：[{"activeCount":0,"appName":"big-market-app","corePoolSize":20,"maximumPoolSize":50,"poolSize":0,"queueSize":0,"queueType":"LinkedBlockingQueue","remainingCapacity":5000,"threadPoolName":"threadPoolExecutor"}]
26-04-06.16:10:20.157 [scheduling-1    ] INFO  ThreadPoolDataReportJob - 动态线程池，上报线程池配置：{"activeCount":0,"appName":"big-market-app","corePoolSize":20,"maximumPoolSize":50,"poolSize":0,"queueSize":0,"queueType":"LinkedBlockingQueue","remainingCapacity":5000,"threadPoolName":"threadPoolExecutor"}
26-04-06.16:10:40.182 [scheduling-1    ] INFO  ThreadPoolDataReportJob - 动态线程池，上报线程池信息：[{"activeCount":0,"appName":"big-market-app","corePoolSize":20,"maximumPoolSize":50,"poolSize":0,"queueSize":0,"queueType":"LinkedBlockingQueue","remainingCapacity":5000,"threadPoolName":"threadPoolExecutor"}]
26-04-06.16:10:40.204 [scheduling-1    ] INFO  ThreadPoolDataReportJob - 动态线程池，上报线程池配置：{"activeCount":0,"appName":"big-market-app","corePoolSize":20,"maximumPoolSize":50,"poolSize":0,"queueSize":0,"queueType":"LinkedBlockingQueue","remainingCapacity":5000,"threadPoolName":"threadPoolExecutor"}
26-04-06.16:11:00.044 [scheduling-1    ] INFO  ThreadPoolDataReportJob - 动态线程池，上报线程池信息：[{"activeCount":0,"appName":"big-market-app","corePoolSize":20,"maximumPoolSize":50,"poolSize":0,"queueSize":0,"queueType":"LinkedBlockingQueue","remainingCapacity":5000,"threadPoolName":"threadPoolExecutor"}]
26-04-06.16:11:00.065 [scheduling-1    ] INFO  ThreadPoolDataReportJob - 动态线程池，上报线程池配置：{"activeCount":0,"appName":"big-market-app","corePoolSize":20,"maximumPoolSize":50,"poolSize":0,"queueSize":0,"queueType":"LinkedBlockingQueue","remainingCapacity":5000,"threadPoolName":"threadPoolExecutor"}
26-04-06.16:11:20.108 [scheduling-1    ] INFO  ThreadPoolDataReportJob - 动态线程池，上报线程池信息：[{"activeCount":0,"appName":"big-market-app","corePoolSize":20,"maximumPoolSize":50,"poolSize":0,"queueSize":0,"queueType":"LinkedBlockingQueue","remainingCapacity":5000,"threadPoolName":"threadPoolExecutor"}]
26-04-06.16:11:20.129 [scheduling-1    ] INFO  ThreadPoolDataReportJob - 动态线程池，上报线程池配置：{"activeCount":0,"appName":"big-market-app","corePoolSize":20,"maximumPoolSize":50,"poolSize":0,"queueSize":0,"queueType":"LinkedBlockingQueue","remainingCapacity":5000,"threadPoolName":"threadPoolExecutor"}
26-04-06.16:11:40.086 [scheduling-1    ] INFO  ThreadPoolDataReportJob - 动态线程池，上报线程池信息：[{"activeCount":0,"appName":"big-market-app","corePoolSize":20,"maximumPoolSize":50,"poolSize":0,"queueSize":0,"queueType":"LinkedBlockingQueue","remainingCapacity":5000,"threadPoolName":"threadPoolExecutor"}]
26-04-06.16:11:40.109 [scheduling-1    ] INFO  ThreadPoolDataReportJob - 动态线程池，上报线程池配置：{"activeCount":0,"appName":"big-market-app","corePoolSize":20,"maximumPoolSize":50,"poolSize":0,"queueSize":0,"queueType":"LinkedBlockingQueue","remainingCapacity":5000,"threadPoolName":"threadPoolExecutor"}
26-04-06.16:12:00.146 [scheduling-1    ] INFO  ThreadPoolDataReportJob - 动态线程池，上报线程池信息：[{"activeCount":0,"appName":"big-market-app","corePoolSize":20,"maximumPoolSize":50,"poolSize":0,"queueSize":0,"queueType":"LinkedBlockingQueue","remainingCapacity":5000,"threadPoolName":"threadPoolExecutor"}]
26-04-06.16:12:00.166 [scheduling-1    ] INFO  ThreadPoolDataReportJob - 动态线程池，上报线程池配置：{"activeCount":0,"appName":"big-market-app","corePoolSize":20,"maximumPoolSize":50,"poolSize":0,"queueSize":0,"queueType":"LinkedBlockingQueue","remainingCapacity":5000,"threadPoolName":"threadPoolExecutor"}
26-04-06.16:12:20.096 [scheduling-1    ] INFO  ThreadPoolDataReportJob - 动态线程池，上报线程池信息：[{"activeCount":0,"appName":"big-market-app","corePoolSize":20,"maximumPoolSize":50,"poolSize":0,"queueSize":0,"queueType":"LinkedBlockingQueue","remainingCapacity":5000,"threadPoolName":"threadPoolExecutor"}]
26-04-06.16:12:20.117 [scheduling-1    ] INFO  ThreadPoolDataReportJob - 动态线程池，上报线程池配置：{"activeCount":0,"appName":"big-market-app","corePoolSize":20,"maximumPoolSize":50,"poolSize":0,"queueSize":0,"queueType":"LinkedBlockingQueue","remainingCapacity":5000,"threadPoolName":"threadPoolExecutor"}
26-04-06.16:12:40.191 [scheduling-1    ] INFO  ThreadPoolDataReportJob - 动态线程池，上报线程池信息：[{"activeCount":0,"appName":"big-market-app","corePoolSize":20,"maximumPoolSize":50,"poolSize":0,"queueSize":0,"queueType":"LinkedBlockingQueue","remainingCapacity":5000,"threadPoolName":"threadPoolExecutor"}]
26-04-06.16:12:40.213 [scheduling-1    ] INFO  ThreadPoolDataReportJob - 动态线程池，上报线程池配置：{"activeCount":0,"appName":"big-market-app","corePoolSize":20,"maximumPoolSize":50,"poolSize":0,"queueSize":0,"queueType":"LinkedBlockingQueue","remainingCapacity":5000,"threadPoolName":"threadPoolExecutor"}
26-04-06.16:13:00.066 [scheduling-1    ] INFO  ThreadPoolDataReportJob - 动态线程池，上报线程池信息：[{"activeCount":0,"appName":"big-market-app","corePoolSize":20,"maximumPoolSize":50,"poolSize":0,"queueSize":0,"queueType":"LinkedBlockingQueue","remainingCapacity":5000,"threadPoolName":"threadPoolExecutor"}]
26-04-06.16:13:00.087 [scheduling-1    ] INFO  ThreadPoolDataReportJob - 动态线程池，上报线程池配置：{"activeCount":0,"appName":"big-market-app","corePoolSize":20,"maximumPoolSize":50,"poolSize":0,"queueSize":0,"queueType":"LinkedBlockingQueue","remainingCapacity":5000,"threadPoolName":"threadPoolExecutor"}
26-04-06.16:13:20.178 [scheduling-1    ] INFO  ThreadPoolDataReportJob - 动态线程池，上报线程池信息：[{"activeCount":0,"appName":"big-market-app","corePoolSize":20,"maximumPoolSize":50,"poolSize":0,"queueSize":0,"queueType":"LinkedBlockingQueue","remainingCapacity":5000,"threadPoolName":"threadPoolExecutor"}]
26-04-06.16:13:20.201 [scheduling-1    ] INFO  ThreadPoolDataReportJob - 动态线程池，上报线程池配置：{"activeCount":0,"appName":"big-market-app","corePoolSize":20,"maximumPoolSize":50,"poolSize":0,"queueSize":0,"queueType":"LinkedBlockingQueue","remainingCapacity":5000,"threadPoolName":"threadPoolExecutor"}
26-04-06.16:13:40.049 [scheduling-1    ] INFO  ThreadPoolDataReportJob - 动态线程池，上报线程池信息：[{"activeCount":0,"appName":"big-market-app","corePoolSize":20,"maximumPoolSize":50,"poolSize":0,"queueSize":0,"queueType":"LinkedBlockingQueue","remainingCapacity":5000,"threadPoolName":"threadPoolExecutor"}]
26-04-06.16:13:40.070 [scheduling-1    ] INFO  ThreadPoolDataReportJob - 动态线程池，上报线程池配置：{"activeCount":0,"appName":"big-market-app","corePoolSize":20,"maximumPoolSize":50,"poolSize":0,"queueSize":0,"queueType":"LinkedBlockingQueue","remainingCapacity":5000,"threadPoolName":"threadPoolExecutor"}
26-04-06.16:14:00.069 [scheduling-1    ] INFO  ThreadPoolDataReportJob - 动态线程池，上报线程池信息：[{"activeCount":0,"appName":"big-market-app","corePoolSize":20,"maximumPoolSize":50,"poolSize":0,"queueSize":0,"queueType":"LinkedBlockingQueue","remainingCapacity":5000,"threadPoolName":"threadPoolExecutor"}]
26-04-06.16:14:00.091 [scheduling-1    ] INFO  ThreadPoolDataReportJob - 动态线程池，上报线程池配置：{"activeCount":0,"appName":"big-market-app","corePoolSize":20,"maximumPoolSize":50,"poolSize":0,"queueSize":0,"queueType":"LinkedBlockingQueue","remainingCapacity":5000,"threadPoolName":"threadPoolExecutor"}
26-04-06.16:14:20.176 [scheduling-1    ] INFO  ThreadPoolDataReportJob - 动态线程池，上报线程池信息：[{"activeCount":0,"appName":"big-market-app","corePoolSize":20,"maximumPoolSize":50,"poolSize":0,"queueSize":0,"queueType":"LinkedBlockingQueue","remainingCapacity":5000,"threadPoolName":"threadPoolExecutor"}]
26-04-06.16:14:20.200 [scheduling-1    ] INFO  ThreadPoolDataReportJob - 动态线程池，上报线程池配置：{"activeCount":0,"appName":"big-market-app","corePoolSize":20,"maximumPoolSize":50,"poolSize":0,"queueSize":0,"queueType":"LinkedBlockingQueue","remainingCapacity":5000,"threadPoolName":"threadPoolExecutor"}
26-04-06.16:14:40.060 [scheduling-1    ] INFO  ThreadPoolDataReportJob - 动态线程池，上报线程池信息：[{"activeCount":0,"appName":"big-market-app","corePoolSize":20,"maximumPoolSize":50,"poolSize":0,"queueSize":0,"queueType":"LinkedBlockingQueue","remainingCapacity":5000,"threadPoolName":"threadPoolExecutor"}]
26-04-06.16:14:40.081 [scheduling-1    ] INFO  ThreadPoolDataReportJob - 动态线程池，上报线程池配置：{"activeCount":0,"appName":"big-market-app","corePoolSize":20,"maximumPoolSize":50,"poolSize":0,"queueSize":0,"queueType":"LinkedBlockingQueue","remainingCapacity":5000,"threadPoolName":"threadPoolExecutor"}
26-04-06.16:15:00.095 [scheduling-1    ] INFO  ThreadPoolDataReportJob - 动态线程池，上报线程池信息：[{"activeCount":0,"appName":"big-market-app","corePoolSize":20,"maximumPoolSize":50,"poolSize":0,"queueSize":0,"queueType":"LinkedBlockingQueue","remainingCapacity":5000,"threadPoolName":"threadPoolExecutor"}]
26-04-06.16:15:00.116 [scheduling-1    ] INFO  ThreadPoolDataReportJob - 动态线程池，上报线程池配置：{"activeCount":0,"appName":"big-market-app","corePoolSize":20,"maximumPoolSize":50,"poolSize":0,"queueSize":0,"queueType":"LinkedBlockingQueue","remainingCapacity":5000,"threadPoolName":"threadPoolExecutor"}
26-04-06.16:15:20.156 [scheduling-1    ] INFO  ThreadPoolDataReportJob - 动态线程池，上报线程池信息：[{"activeCount":0,"appName":"big-market-app","corePoolSize":20,"maximumPoolSize":50,"poolSize":0,"queueSize":0,"queueType":"LinkedBlockingQueue","remainingCapacity":5000,"threadPoolName":"threadPoolExecutor"}]
26-04-06.16:15:20.178 [scheduling-1    ] INFO  ThreadPoolDataReportJob - 动态线程池，上报线程池配置：{"activeCount":0,"appName":"big-market-app","corePoolSize":20,"maximumPoolSize":50,"poolSize":0,"queueSize":0,"queueType":"LinkedBlockingQueue","remainingCapacity":5000,"threadPoolName":"threadPoolExecutor"}
26-04-06.16:15:40.053 [scheduling-1    ] INFO  ThreadPoolDataReportJob - 动态线程池，上报线程池信息：[{"activeCount":0,"appName":"big-market-app","corePoolSize":20,"maximumPoolSize":50,"poolSize":0,"queueSize":0,"queueType":"LinkedBlockingQueue","remainingCapacity":5000,"threadPoolName":"threadPoolExecutor"}]
26-04-06.16:15:40.073 [scheduling-1    ] INFO  ThreadPoolDataReportJob - 动态线程池，上报线程池配置：{"activeCount":0,"appName":"big-market-app","corePoolSize":20,"maximumPoolSize":50,"poolSize":0,"queueSize":0,"queueType":"LinkedBlockingQueue","remainingCapacity":5000,"threadPoolName":"threadPoolExecutor"}
26-04-06.16:15:51.405 [org.springframework.amqp.rabbit.RabbitListenerEndpointContainer#0-2] INFO  SimpleMessageListenerContainer - Waiting for workers to finish.
26-04-06.16:15:51.425 [org.springframework.amqp.rabbit.RabbitListenerEndpointContainer#1-2] INFO  SimpleMessageListenerContainer - Waiting for workers to finish.
26-04-06.16:15:51.426 [org.springframework.amqp.rabbit.RabbitListenerEndpointContainer#0-2] INFO  SimpleMessageListenerContainer - Successfully waited for workers to finish.
26-04-06.16:15:51.446 [org.springframework.amqp.rabbit.RabbitListenerEndpointContainer#2-2] INFO  SimpleMessageListenerContainer - Waiting for workers to finish.
26-04-06.16:15:51.468 [org.springframework.amqp.rabbit.RabbitListenerEndpointContainer#3-2] INFO  SimpleMessageListenerContainer - Waiting for workers to finish.
26-04-06.16:15:51.892 [org.springframework.amqp.rabbit.RabbitListenerEndpointContainer#2-2] INFO  SimpleMessageListenerContainer - Successfully waited for workers to finish.
26-04-06.16:15:52.049 [org.springframework.amqp.rabbit.RabbitListenerEndpointContainer#1-2] INFO  SimpleMessageListenerContainer - Successfully waited for workers to finish.
26-04-06.16:15:52.428 [org.springframework.amqp.rabbit.RabbitListenerEndpointContainer#3-2] INFO  SimpleMessageListenerContainer - Successfully waited for workers to finish.
26-04-06.16:15:52.492 [SpringApplicationShutdownHook] INFO  SimpleMessageListenerContainer - Shutdown ignored - container is already stopped
26-04-06.16:15:52.492 [SpringApplicationShutdownHook] INFO  SimpleMessageListenerContainer - Shutdown ignored - container is already stopped
26-04-06.16:15:52.492 [SpringApplicationShutdownHook] INFO  SimpleMessageListenerContainer - Shutdown ignored - container is already stopped
26-04-06.16:15:52.492 [SpringApplicationShutdownHook] INFO  SimpleMessageListenerContainer - Shutdown ignored - container is already stopped
26-04-06.16:15:57.088 [main            ] INFO  Application            - Starting Application using Java 17.0.10 on DESKTOP-RIFPEOR with PID 18892 (E:\JavaWeb\big-market\big-market-app\target\classes started by 星念 in E:\JavaWeb\big-market)
26-04-06.16:15:57.090 [main            ] INFO  Application            - The following 1 profile is active: "dev"
26-04-06.16:15:57.972 [main            ] INFO  RepositoryConfigurationDelegate - Multiple Spring Data modules found, entering strict repository configuration mode
26-04-06.16:15:57.975 [main            ] INFO  RepositoryConfigurationDelegate - Bootstrapping Spring Data Redis repositories in DEFAULT mode.
26-04-06.16:15:58.048 [main            ] INFO  RepositoryConfigurationDelegate - Finished Spring Data repository scanning in 57 ms. Found 0 Redis repository interfaces.
26-04-06.16:15:58.793 [main            ] INFO  TomcatWebServer        - Tomcat initialized with port(s): 8091 (http)
26-04-06.16:15:58.801 [main            ] INFO  Http11NioProtocol      - Initializing ProtocolHandler ["http-nio-8091"]
26-04-06.16:15:58.802 [main            ] INFO  StandardService        - Starting service [Tomcat]
26-04-06.16:15:58.802 [main            ] INFO  StandardEngine         - Starting Servlet engine: [Apache Tomcat/9.0.75]
26-04-06.16:15:58.929 [main            ] INFO  [/]                    - Initializing Spring embedded WebApplicationContext
26-04-06.16:15:58.929 [main            ] INFO  ServletWebServerApplicationContext - Root WebApplicationContext: initialization completed in 1794 ms
26-04-06.16:15:59.530 [main            ] INFO  Version                - Redisson 3.26.0
26-04-06.16:15:59.920 [redisson-netty-1-6] INFO  ConnectionsHolder      - 1 connections initialized for 101.42.109.191/101.42.109.191:16379
26-04-06.16:16:00.182 [redisson-netty-1-13] INFO  ConnectionsHolder      - 5 connections initialized for 101.42.109.191/101.42.109.191:16379
26-04-06.16:16:00.476 [main            ] INFO  Version                - Redisson 3.26.0
26-04-06.16:16:00.563 [redisson-netty-5-4] INFO  ConnectionsHolder      - 1 connections initialized for 101.42.109.191/101.42.109.191:16379
26-04-06.16:16:00.762 [redisson-netty-5-13] INFO  ConnectionsHolder      - 5 connections initialized for 101.42.109.191/101.42.109.191:16379
26-04-06.16:16:00.762 [main            ] INFO  DynamicThreadPoolAutoConfig - 动态线程池，注册器（redis）链接初始化完成。101.42.109.191 16379 false
26-04-06.16:16:01.461 [main            ] INFO  EndpointLinksResolver  - Exposing 1 endpoint(s) beneath base path '/actuator'
26-04-06.16:16:01.535 [main            ] INFO  Http11NioProtocol      - Starting ProtocolHandler ["http-nio-8091"]
26-04-06.16:16:01.547 [main            ] INFO  TomcatWebServer        - Tomcat started on port(s): 8091 (http) with context path ''
26-04-06.16:16:01.547 [main            ] INFO  CachingConnectionFactory - Attempting to connect to: [101.42.109.191:5672]
26-04-06.16:16:01.708 [main            ] INFO  CachingConnectionFactory - Created new connection: rabbitConnectionFactory#5ffdd510:0/SimpleConnection@45430a27 [delegate=amqp://admin@101.42.109.191:5672/, localPort= 55873]
26-04-06.16:16:02.332 [main            ] INFO  Application            - Started Application in 5.67 seconds (JVM running for 6.244)
26-04-06.16:16:02.904 [RMI TCP Connection(3)-192.168.245.1] INFO  HikariDataSource       - Retail_HikariCP - Starting...
26-04-06.16:16:02.909 [RMI TCP Connection(4)-192.168.245.1] INFO  [/]                    - Initializing Spring DispatcherServlet 'dispatcherServlet'
26-04-06.16:16:02.909 [RMI TCP Connection(4)-192.168.245.1] INFO  DispatcherServlet      - Initializing Servlet 'dispatcherServlet'
26-04-06.16:16:02.909 [RMI TCP Connection(4)-192.168.245.1] INFO  DispatcherServlet      - Completed initialization in 0 ms
26-04-06.16:16:03.344 [RMI TCP Connection(3)-192.168.245.1] INFO  HikariDataSource       - Retail_HikariCP - Start completed.
26-04-06.16:16:03.389 [RMI TCP Connection(3)-192.168.245.1] INFO  HikariDataSource       - Retail_HikariCP - Starting...
26-04-06.16:16:03.670 [RMI TCP Connection(3)-192.168.245.1] INFO  HikariDataSource       - Retail_HikariCP - Start completed.
26-04-06.16:16:20.258 [scheduling-1    ] INFO  ThreadPoolDataReportJob - 动态线程池，上报线程池信息：[{"activeCount":0,"appName":"big-market-app","corePoolSize":20,"maximumPoolSize":50,"poolSize":0,"queueSize":0,"queueType":"LinkedBlockingQueue","remainingCapacity":5000,"threadPoolName":"threadPoolExecutor"}]
26-04-06.16:16:20.335 [scheduling-1    ] INFO  ThreadPoolDataReportJob - 动态线程池，上报线程池配置：{"activeCount":0,"appName":"big-market-app","corePoolSize":20,"maximumPoolSize":50,"poolSize":0,"queueSize":0,"queueType":"LinkedBlockingQueue","remainingCapacity":5000,"threadPoolName":"threadPoolExecutor"}
26-04-06.16:16:40.071 [scheduling-1    ] INFO  ThreadPoolDataReportJob - 动态线程池，上报线程池信息：[{"activeCount":0,"appName":"big-market-app","corePoolSize":20,"maximumPoolSize":50,"poolSize":0,"queueSize":0,"queueType":"LinkedBlockingQueue","remainingCapacity":5000,"threadPoolName":"threadPoolExecutor"}]
26-04-06.16:16:40.097 [scheduling-1    ] INFO  ThreadPoolDataReportJob - 动态线程池，上报线程池配置：{"activeCount":0,"appName":"big-market-app","corePoolSize":20,"maximumPoolSize":50,"poolSize":0,"queueSize":0,"queueType":"LinkedBlockingQueue","remainingCapacity":5000,"threadPoolName":"threadPoolExecutor"}
26-04-06.16:17:00.120 [scheduling-1    ] INFO  ThreadPoolDataReportJob - 动态线程池，上报线程池信息：[{"activeCount":0,"appName":"big-market-app","corePoolSize":20,"maximumPoolSize":50,"poolSize":0,"queueSize":0,"queueType":"LinkedBlockingQueue","remainingCapacity":5000,"threadPoolName":"threadPoolExecutor"}]
26-04-06.16:17:00.179 [scheduling-1    ] INFO  ThreadPoolDataReportJob - 动态线程池，上报线程池配置：{"activeCount":0,"appName":"big-market-app","corePoolSize":20,"maximumPoolSize":50,"poolSize":0,"queueSize":0,"queueType":"LinkedBlockingQueue","remainingCapacity":5000,"threadPoolName":"threadPoolExecutor"}
26-04-06.16:17:20.119 [scheduling-1    ] INFO  ThreadPoolDataReportJob - 动态线程池，上报线程池信息：[{"activeCount":0,"appName":"big-market-app","corePoolSize":20,"maximumPoolSize":50,"poolSize":0,"queueSize":0,"queueType":"LinkedBlockingQueue","remainingCapacity":5000,"threadPoolName":"threadPoolExecutor"}]
26-04-06.16:17:20.141 [scheduling-1    ] INFO  ThreadPoolDataReportJob - 动态线程池，上报线程池配置：{"activeCount":0,"appName":"big-market-app","corePoolSize":20,"maximumPoolSize":50,"poolSize":0,"queueSize":0,"queueType":"LinkedBlockingQueue","remainingCapacity":5000,"threadPoolName":"threadPoolExecutor"}
26-04-06.16:17:40.101 [scheduling-1    ] INFO  ThreadPoolDataReportJob - 动态线程池，上报线程池信息：[{"activeCount":0,"appName":"big-market-app","corePoolSize":20,"maximumPoolSize":50,"poolSize":0,"queueSize":0,"queueType":"LinkedBlockingQueue","remainingCapacity":5000,"threadPoolName":"threadPoolExecutor"}]
26-04-06.16:17:40.123 [scheduling-1    ] INFO  ThreadPoolDataReportJob - 动态线程池，上报线程池配置：{"activeCount":0,"appName":"big-market-app","corePoolSize":20,"maximumPoolSize":50,"poolSize":0,"queueSize":0,"queueType":"LinkedBlockingQueue","remainingCapacity":5000,"threadPoolName":"threadPoolExecutor"}
26-04-06.16:17:58.130 [http-nio-8091-exec-1] INFO  RaffleActivityController - 活动抽奖 userId:mlei3 activityId:100301
26-04-06.16:17:58.674 [http-nio-8091-exec-1] INFO  RaffleActivityController - 活动抽奖,创建订单 userId:mlei3 activityId:100301 orderId:184876018448
26-04-06.16:17:58.699 [http-nio-8091-exec-1] INFO  BlackListLogicChain    - 抽奖责任链-黑名单开始 userId:mlei3 strategyId:100006 ruleModel:rule_blacklist
26-04-06.16:17:58.712 [http-nio-8091-exec-1] INFO  HikariDataSource       - Retail_HikariCP - Starting...
26-04-06.16:17:58.997 [http-nio-8091-exec-1] INFO  HikariDataSource       - Retail_HikariCP - Start completed.
26-04-06.16:17:59.021 [http-nio-8091-exec-1] INFO  BlackListLogicChain    - 抽奖责任链-黑名单放行 userId:mlei3 strategyId:100006 ruleModel:rule_blacklist
26-04-06.16:17:59.021 [http-nio-8091-exec-1] INFO  RuleWeightLogicChain   - 抽奖责任链-权重开始 userId:mlei3 strategyId:100006 ruleModel:rule_weight
26-04-06.16:17:59.094 [http-nio-8091-exec-1] INFO  RuleWeightLogicChain   - 抽奖责任链-权重放行 userId:mlei3 strategyId:100006 ruleModel:rule_weight
26-04-06.16:17:59.167 [http-nio-8091-exec-1] INFO  DefaultLogicChain      - 抽奖责任链-默认处理 userId: mlei3 strategyId: 100006 ruleModel: rule_default awardId: 105
26-04-06.16:17:59.167 [http-nio-8091-exec-1] INFO  AbstractRaffleStrategy - 抽奖策略计算-责任链出口 userId: mlei3 strategyId: 100006 ruleModel: rule_default awardId: 105
26-04-06.16:17:59.226 [http-nio-8091-exec-1] INFO  RuleLockLogicTreeNode  - 规则过滤-抽奖次数 userId:mlei3 strategyId:100006 ruleModel:rule_lock awardId:105 ruleValue:3
26-04-06.16:17:59.274 [http-nio-8091-exec-1] INFO  RuleLockLogicTreeNode  - 规则过滤-次数锁【拦截】 userId:mlei3 strategyId:100006 awardId:105 raffleCount:3 userRaffleCount:1
26-04-06.16:17:59.274 [http-nio-8091-exec-1] INFO  DecisionTreeEngine     - 决策树引擎【规则树】 treeId: tree_lock_3 node: rule_lock code: 0001
26-04-06.16:17:59.276 [http-nio-8091-exec-1] INFO  RuleLuckAwardLogicTreeNode - 规则过滤-兜底奖品 userId:mlei3 strategyId:100006 ruleModel:rule_luck_award awardId:105 ruleValue:101:1,100
26-04-06.16:17:59.276 [http-nio-8091-exec-1] INFO  RuleLuckAwardLogicTreeNode - 规则过滤-兜底奖品 userId:mlei3 strategyId:100006 awardId:101 awardRuleValue:1,100
26-04-06.16:17:59.276 [http-nio-8091-exec-1] INFO  DecisionTreeEngine     - 决策树引擎【规则树】 treeId: tree_lock_3 node: rule_luck_award code: 0001
26-04-06.16:17:59.277 [http-nio-8091-exec-1] INFO  AbstractRaffleStrategy - 抽奖策略计算-规则树出口 userId: mlei3 strategyId: 100006 ruleValue: 1,100 awardId: 101
26-04-06.16:17:59.526 [http-nio-8091-exec-1] INFO  EventPublisher         - 发送MQ消息 topic:send_award message:{"data":{"awardId":101,"awardTitle":"随机积分","userId":"mlei3"},"id":"96347446753","timestamp":1775463479304}
26-04-06.16:17:59.552 [org.springframework.amqp.rabbit.RabbitListenerEndpointContainer#3-1] INFO  SendAwardCustomer      - 监听用户奖品发送消息 topic: send_award message: {"data":{"awardId":101,"awardTitle":"随机积分","userId":"mlei3"},"id":"96347446753","timestamp":1775463479304}
26-04-06.16:18:00.075 [scheduling-1    ] INFO  ThreadPoolDataReportJob - 动态线程池，上报线程池信息：[{"activeCount":0,"appName":"big-market-app","corePoolSize":20,"maximumPoolSize":50,"poolSize":0,"queueSize":0,"queueType":"LinkedBlockingQueue","remainingCapacity":5000,"threadPoolName":"threadPoolExecutor"}]
26-04-06.16:18:00.096 [scheduling-1    ] INFO  ThreadPoolDataReportJob - 动态线程池，上报线程池配置：{"activeCount":0,"appName":"big-market-app","corePoolSize":20,"maximumPoolSize":50,"poolSize":0,"queueSize":0,"queueType":"LinkedBlockingQueue","remainingCapacity":5000,"threadPoolName":"threadPoolExecutor"}
26-04-06.16:18:20.055 [scheduling-1    ] INFO  ThreadPoolDataReportJob - 动态线程池，上报线程池信息：[{"activeCount":0,"appName":"big-market-app","corePoolSize":20,"maximumPoolSize":50,"poolSize":0,"queueSize":0,"queueType":"LinkedBlockingQueue","remainingCapacity":5000,"threadPoolName":"threadPoolExecutor"}]
26-04-06.16:18:20.077 [scheduling-1    ] INFO  ThreadPoolDataReportJob - 动态线程池，上报线程池配置：{"activeCount":0,"appName":"big-market-app","corePoolSize":20,"maximumPoolSize":50,"poolSize":0,"queueSize":0,"queueType":"LinkedBlockingQueue","remainingCapacity":5000,"threadPoolName":"threadPoolExecutor"}
26-04-06.16:18:26.423 [org.springframework.amqp.rabbit.RabbitListenerEndpointContainer#0-2] INFO  SimpleMessageListenerContainer - Waiting for workers to finish.
26-04-06.16:18:26.446 [org.springframework.amqp.rabbit.RabbitListenerEndpointContainer#1-2] INFO  SimpleMessageListenerContainer - Waiting for workers to finish.
26-04-06.16:18:26.468 [org.springframework.amqp.rabbit.RabbitListenerEndpointContainer#2-2] INFO  SimpleMessageListenerContainer - Waiting for workers to finish.
26-04-06.16:18:26.490 [org.springframework.amqp.rabbit.RabbitListenerEndpointContainer#3-2] INFO  SimpleMessageListenerContainer - Waiting for workers to finish.
26-04-06.16:18:26.737 [org.springframework.amqp.rabbit.RabbitListenerEndpointContainer#3-2] INFO  SimpleMessageListenerContainer - Successfully waited for workers to finish.
26-04-06.16:18:26.924 [org.springframework.amqp.rabbit.RabbitListenerEndpointContainer#0-2] INFO  SimpleMessageListenerContainer - Successfully waited for workers to finish.
26-04-06.16:18:27.064 [org.springframework.amqp.rabbit.RabbitListenerEndpointContainer#1-2] INFO  SimpleMessageListenerContainer - Successfully waited for workers to finish.
26-04-06.16:18:27.127 [org.springframework.amqp.rabbit.RabbitListenerEndpointContainer#2-2] INFO  SimpleMessageListenerContainer - Successfully waited for workers to finish.
26-04-06.16:18:27.173 [SpringApplicationShutdownHook] INFO  SimpleMessageListenerContainer - Shutdown ignored - container is already stopped
26-04-06.16:18:27.173 [SpringApplicationShutdownHook] INFO  SimpleMessageListenerContainer - Shutdown ignored - container is already stopped
26-04-06.16:18:27.173 [SpringApplicationShutdownHook] INFO  SimpleMessageListenerContainer - Shutdown ignored - container is already stopped
26-04-06.16:18:27.173 [SpringApplicationShutdownHook] INFO  SimpleMessageListenerContainer - Shutdown ignored - container is already stopped
